0,0,0,2,0,0.06,25.57,42680.05,1848.22,2,,
0,0,0,1,0,0.06,40.61,42686.14,1852.71,0,,
0,0,0,3,0,0.06,12.96,42650.76,1821.56,2,,
0,0,0,3,0,0.06,52.7,42656.65,1825.96,2,,
0,0,0,4,0,10.97,41.96,42636.8,1806.22,2,,
0,0,0,4,0,15.57,8.94,42635.87,1804.49,2,,
2,2,1.6,0,18.65,171.42,37.45,42722.85,1897.65,2,,
2,2,1.6,0,17.8,168.64,48.08,42709.12,1885.73,2,,
2,2,1.6,0,15.85,166.47,38.19,42720.98,1894.97,2,,
2,2,1.6,1,2.94,103.59,48.05,42707.11,1871.4,0,,
0,0,0,1,0,15.85,87.55,42186.76,1391.24,2,,
0,0,0,1,0,6.38,4.92,42192.23,1402.11,2,,
1,1,1.1,1,0.82,0,9.68,42214.46,1434,2,,
2,2,1.1,3,0.93,20.33,58.41,42178.36,1400.39,0,,
1,1,7.7,7,1.3,1.94,388.8,41889,1057.38,0,,
2,2,1.6,7,0.88,22.3,15.72,41910.46,1082.48,0,,
2,2,1.6,7,0.9,18.95,19.87,41907.25,1078.66,0,,
2,3,1.6,6,0.8,26.35,24.19,41913.58,1087.39,0,,
2,2,1.6,7,0.9,9.59,32.46,41897.59,1068.6,0,,
2,3,1.6,6,0,21.27,70.33,41913.86,1089.85,0,,
2,3,1.6,8,0.24,15.13,29.55,41904.67,1080.96,0,,
1,1,1.6,8,0.64,15.93,29.95,41900.84,1076.58,0,,
1,1,1.6,8,0.68,5.39,17.41,41890.38,1065.81,0,,
3,3,1.6,8,0.74,1.4,157.25,41887.86,1061.57,0,,
3,3,1.6,8,0.77,0.06,167.04,41883.56,1056.63,0,,
3,3,1.6,9,0.79,0.09,194.82,41880.31,1052.84,0,,
3,3,1.6,9,0.82,0.06,278.21,41876.66,1048.74,0,,
3,3,1.6,9,0.98,0.09,264,41871.27,1043.02,0,,
4,4,4.7,9,0.96,0.54,266.76,41865.82,1037.48,0,,
4,4,4.7,9,0.97,2.56,314.88,41863.76,1035.3,0,,
0,0,0,0,0,0.06,35.14,41874.56,1050.47,0,,
0,0,0,0,0,0,19.7,41864.13,1038.57,2,,
0,0,0,0,0,0.06,49.94,41851.05,1028.29,0,,
0,0,0,9,62.81,31.25,45.1,41943.16,1110.54,0,,
1,1,1.1,11,63.35,31.25,66.53,41936.58,1105.51,0,,
1,1,1.1,13,61.96,31.25,62.5,41926.99,1097.33,0,,
2,2,1.1,13,58.74,31.25,13.1,41924.4,1094.43,0,,
2,2,1.1,15,98.32,31.25,50.98,41914.81,1092.54,0,,
5,5,1.1,13,98.32,31.25,8.21,41908.82,1088.31,2,,
1,2,2.5,13,98.32,31.25,164.85,41915.59,1099.51,0,,
5,6,1.1,14,97.84,31.25,62.38,41898.39,1080.54,2,,
7,9,1.3,13,85.19,31.25,132.58,41888.62,1069.25,0,,
4,6,1.3,13,94.71,31.25,12.44,41902.36,1086.26,2,,
5,7,1.3,14,86.64,31.25,36,41892.91,1075.37,2,,
6,8,1.3,15,31.33,31.25,27.99,41851.8,1034.1,0,,
2,3,2.9,2,38.1,108.86,58.06,41941.55,1108.38,2,,
2,2,1.1,2,40.2,119.85,33.05,41948.18,1116.45,2,,
2,2,1.1,2,40.3,138.54,95.47,41959.86,1130.58,0,,
2,3,2.9,3,41.77,98.1,43.43,41927.14,1094.12,0,,
3,4,1.1,2,45.72,122.97,18.43,41942.93,1113.02,0,,
2,3,2.9,3,47.86,117.93,14.62,41937.31,1107.19,0,,
2,3,2.9,3,50.8,123,31.54,41937.82,1108.84,0,,
3,3,1.1,3,51.48,128.54,6.65,41940.7,1112.57,2,,
3,5,2.9,7,54.21,85.5,23.53,41897.28,1066.68,1,,
3,5,2.9,7,57.37,97.17,8.24,41902.64,1074.58,2,,
5,5,2.7,8,60.01,69.8,13.39,41874.28,1045.86,2,,
1,2,1.5,9,48.03,97.87,4.92,41878.06,1060.53,0,,
2,3,1.5,13,40.43,85.81,13.31,41856.23,1040.37,2,,
0,0,0,2,0,40.76,49.68,41936.36,1104.25,1,,
0,0,0,2,0,36.46,22.29,41937.1,1105.8,2,,
0,0,0,2,0,44.94,11.16,41931.18,1098.92,2,,
1,1,12.8,2,0.35,52.38,80.87,41915.52,1084.55,2,,
2,2,2,4,3.79,39.27,23.04,41874.99,1055.79,0,,
1,1,2.5,7,38.38,61.63,15.87,41898.05,1060.73,2,,
4,4,1.7,6,40.73,49.77,60.32,41907.59,1071.59,2,,
4,4,1.7,6,41.99,38.27,37.22,41908.67,1074.45,2,,
4,4,1.7,6,41.55,30.27,24.51,41913.82,1080.71,2,,
3,3,3.5,3,36.21,0,25.34,41930.72,1105.18,2,,
4,4,1.7,5,48.11,15.07,42.45,41894.78,1066.6,0,,
4,4,1.7,4,47.65,10.23,58.61,41895.97,1068.71,2,,
3,3,1.7,4,46.81,5.96,49.9,41898.97,1072.31,0,,
2,3,1.7,4,46.61,3.06,62.02,41897.93,1072.23,0,,
2,3,1.7,6,48.64,16.94,81.27,41884.75,1058.16,0,,
1,1,7.3,7,3.67,98.13,73.87,41888.54,1052.68,0,,
1,1,7.3,6,3.91,83.59,51.41,41905.76,1072.69,0,,
2,2,3.9,10,3.47,98.16,21.87,41875.87,1040.06,0,,
0,0,0,3,3.28,63.31,168.13,41926.42,1099.64,0,,
1,1,7.3,7,3.32,72.86,12.6,41888.97,1057.3,0,,
1,1,7.3,3,0.56,48.98,105.84,41920.13,1096.28,0,,
0,0,0,3,0,54.69,16.65,41937.61,1118.06,0,,
4,6,1.9,8,3.07,39.98,38.16,41887.1,1061.77,0,,
3,6,1.9,10,0.27,18.65,50.95,41886.06,1065.49,2,,
3,3,2.7,2,0.23,0.06,10.08,42479.6,1696.5,2,,
2,3,2.7,2,0.22,0.06,100.22,42471.37,1690.17,2,,
2,3,2.7,2,0.18,10.02,11.69,42460.92,1677.63,0,,
2,3,2.7,2,0.17,2.23,58.62,42456.24,1674.84,0,,
1,1,2.7,2,4.33,2.17,26.44,42435.14,1659.83,2,,
2,3,2.7,2,0,24.06,58.62,42470.24,1676.08,0,,
0,0,0,7,5.02,11.94,157.59,42405.85,1625.03,1,,
0,0,0,6,9.4,10.57,45.14,42393.53,1614.63,0,,
0,0,0,6,12.79,9.31,57.54,42389.01,1611.9,1,,
1,1,3.4,4,0,18.15,67.39,42456.59,1661.58,2,,
1,1,3.4,4,0,13.88,5.99,42446.14,1651.49,2,,
1,1,3.4,4,0,19.1,49.77,42447.28,1651.33,2,,
0,0,0,8,5.55,6.05,12.11,42396.63,1614.89,0,,
0,0,0,5,10.77,1.37,16.96,42380.11,1601.39,0,,
0,0,0,4,1.89,25.17,8.21,42412.49,1626.98,0,,
1,1,2.6,3,2.39,0.06,10.6,42386.02,1596.09,0,,
1,1,2.8,7,0.83,0,8.99,42412.59,1638.41,0,,
3,3,2.2,6,0.76,15.85,104.77,42426.88,1647.19,0,,
0,0,0,7,0.86,0.12,15.67,42398.77,1625.35,0,,
2,2,2.8,7,0.71,23.13,12.44,42413.2,1631.35,2,,
3,5,1.7,6,0.59,62.44,10.11,42434.02,1641.55,0,,
0,0,0,2,0,6.57,6.22,42445.41,1675.02,0,,
0,0,0,3,0,0.06,58.06,42426.59,1656.22,0,,
0,0,0,3,0,0,17.63,42428.57,1656.32,2,,
0,0,0,4,0.02,2.57,27.72,42429.54,1655.2,1,,
1,1,1.3,2,12.58,5.5,237.57,43017.7,2453.1,0,,
2,2,1.3,6,13.76,2.4,8.47,42974.2,2427.92,0,,
1,1,1.3,3,12.11,0.06,263.09,43025.12,2452.8,0,,
1,1,3.4,6,6.69,0.09,2.46,42958.82,2424.96,0,,
3,5,1.1,9,13.65,29.18,31.75,42969.45,2401.81,2,,
0,0,0,0,2.07,0.09,34.52,42952.31,2414.36,2,,
0,0,0,0,8.53,3.59,205.55,43020.47,2439.97,0,,
0,0,0,0,8.43,0.09,151.47,43018.6,2440.89,0,,
0,0,0,1,7.16,5.72,51.9,43006.94,2424.87,0,,
0,0,0,2,0.84,0.06,18.89,42945.27,2377.94,0,,
0,0,0,2,0.62,0.06,11.52,42946.38,2375.35,0,,
0,0,0,3,1.16,0.06,1413.96,43003.63,2445.86,0,,
2,3,2.4,2,57.98,18.52,372.33,42694.43,2300.93,0,,
1,1,4.6,3,55.25,6.9,157.25,42687.04,2301.16,0,,
6,7,2.8,8,0.07,107.17,115.56,42690.21,2309.82,0,,
4,4,2.8,10,0.33,71.1,464.4,42722.44,2311.24,0,,
3,4,6.3,8,0.05,74.2,60.84,42647.01,2271.9,0,,
2,3,2.3,3,9.71,11.2,1603.28,42733.43,2307.8,0,,
2,2,3.8,4,8.9,7.5,650.19,42703.04,2292.82,0,,
2,2,3.7,2,1.63,8.26,304.65,42681.32,2291.69,0,,
2,2,3.7,2,1.65,6.33,175.02,42681.99,2280.75,0,,
0,0,0,2,1.69,0.06,101.95,42669.97,2273.94,0,,
1,1,3.6,3,0,31.25,18.22,42134.51,1483.7,0,,
0,0,0,0,44.43,31.25,106.44,42192.37,1502.39,2,,
0,0,0,0,44.44,31.25,106.49,42182.69,1496.58,2,,
0,0,0,0,42.8,31.25,148.26,42190.33,1499.31,0,,
0,0,0,0,42.95,31.25,127.01,42168.34,1484.62,2,,
4,5,3.6,10,0,31.25,32.31,42097.69,1440.17,0,,
1,1,3.6,8,37.6,31.25,33.65,42126.29,1448.53,0,,
1,1,3.6,9,35.69,31.25,15.18,42122.58,1445.81,0,,
1,1,3.6,9,32.17,31.25,22.81,42114.66,1441.74,0,,
1,1,3.6,9,34.78,31.25,13.78,42122.9,1443.45,0,,
1,1,3.6,10,32.57,31.25,33.78,42119.85,1439.41,0,,
0,0,0,11,32.64,31.25,18.12,42120.93,1435.2,0,,
0,0,0,11,30.24,31.25,20.43,42116.82,1432.7,0,,
0,0,0,1,0,97.33,15.72,42139.5,1467.69,0,,
1,1,6.9,1,7.12,96.44,57.1,42144.44,1461.91,0,,
0,0,0,4,0.19,70.54,5.62,42091.66,1476.69,2,,
1,1,5.1,3,0.12,45.53,104.28,42052.74,1435.83,0,,
1,1,5.1,4,6.61,29.23,28.11,42047.26,1422.93,0,,
1,1,5.1,4,8.5,6.05,52.92,42069.89,1423.92,0,,
1,1,5.1,4,11.09,15.38,8.93,42055.12,1419.41,0,,
0,0,0,5,12.21,0.09,15.94,42063.8,1414.66,0,,
1,1,5.1,5,14.07,6.07,21.72,42052.57,1411.45,0,,
1,1,5.1,5,14.53,4.5,37.58,42048.27,1409.19,0,,
0,0,0,5,9.86,1.06,34.1,42080.18,1419.1,0,,
0,0,0,4,14.96,0.06,59.62,42042.01,1400.19,0,,
0,0,0,4,15.81,0.09,4.1,42032.23,1381.51,0,,
0,0,0,5,18.33,1.54,237.08,42055.41,1392.45,0,,
0,0,0,5,16.54,0.09,20.43,42032.4,1375.11,0,,
0,0,0,2,2.3,1.5,19.87,41594.82,750.87,0,,
1,2,2.3,2,1.76,18.92,24.48,41578.24,736.31,1,,
1,2,2.3,3,2.99,27.26,52.27,41571.29,730.05,0,,
3,3,1.7,7,2.21,68.87,106.93,41538.26,701.54,0,,
0,0,0,2,2.16,6.37,10.37,41590.41,746.19,0,,
1,2,2.3,3,2.69,25.02,28.48,41570.67,728.55,0,,
1,4,1.7,5,3.46,44.73,71.28,41552.62,711.79,0,,
0,0,0,2,2.12,11.27,14.69,41586.63,741.81,0,,
1,1,2.3,2,1.86,18.13,17.14,41579,734.32,0,,
1,2,2.3,3,1.77,23.45,56.92,41571.71,727.53,0,,
1,2,2.3,3,3.42,30.42,69.12,41563.66,720.56,0,,
1,2,2.3,3,3.71,31.65,11.09,41558.04,714.8,0,,
1,4,1.7,6,3.53,37.58,8.16,41546.94,704.53,0,,
2,4,1.7,7,3.14,53.08,49.02,41531.81,691.4,0,,
1,2,2.3,3,3.21,24.85,53.61,41560.34,716.22,0,,
1,2,2.3,3,3.71,31.65,11.09,41558.04,714.8,0,,
3,4,1.2,6,3.66,29.7,35.64,41547.53,704.14,0,,
4,5,1.2,7,3.28,40.42,30.24,41530.25,687.85,0,,
1,1,2.3,3,2.78,11.49,44.45,41555.58,710.22,0,,
3,3,1.2,5,3.79,20.79,14.4,41544.29,699.87,0,,
2,2,1.2,4,3.62,9.84,46.7,41543.94,698.4,0,,
3,4,1.2,7,3.2,43.92,6.02,41521.85,679.52,0,,
2,3,1.2,7,3,37.38,6.05,41515.06,671.34,0,,
0,1,1.2,4,3.66,7.25,22.03,41533.79,687.57,0,,
2,3,1.2,8,2.74,30,28.22,41505.65,660.2,0,,
1,2,1.2,8,3.35,20.91,85.45,41511.06,664.89,0,,
2,2,1.2,8,3.13,15.69,18.79,41501.71,654.69,0,,
2,2,1.2,6,2.55,6.28,15.94,41507.11,659.57,0,,
1,2,1.2,5,1.83,3.94,14.77,41503.25,655.5,0,,
0,1,7.8,4,1.1,0,40.55,41502.54,654.36,0,,
1,1,2.6,4,19.51,0,100.68,42208.92,2561.48,0,,
1,1,2.8,4,29.33,0.06,71.54,42206.92,2586.63,0,,
4,5,1.8,5,21.1,0.75,195.84,41939.36,2304.82,0,,
1,1,1.5,2,54.83,0,74.19,42157.37,2182.36,0,,
1,1,1.5,3,54.13,0.06,140.4,42143.86,2171.53,0,,
1,1,1.5,3,54.13,0.06,140.4,42143.86,2171.53,0,,
1,1,1.5,3,45.04,0,126.95,42150.93,2191.17,0,,
1,2,5,11,44.57,28.02,81.1,42097.93,2147.82,0,,
1,2,5,11,41.54,32.96,270.52,42095.31,2151.91,0,,
1,1,3.3,2,28.46,31.25,1029.6,38648.83,582.24,0,,
1,1,3.3,4,35.98,31.25,463.8,38610.97,555.29,0,,
0,0,0,3,35.66,31.25,1073.23,38609.84,529.24,0,,
2,3,2.3,2,22.47,31.25,433.54,38654.96,525.1,0,,
1,0,0,8,68.42,31.25,161.48,38677.01,577.51,0,,
2,3,5,10,67.98,31.25,97.78,38671.28,565.78,0,,
3,3,5,12,68.21,31.25,77.36,38649.25,547.49,0,,
3,3,5,11,68.22,31.25,40.44,38645.99,548.55,0,,
3,3,5,12,67.96,31.25,79.63,38655,546.77,0,,
3,3,5,12,68.22,31.25,45.16,38640.79,543.63,0,,
2,2,5,12,68.04,31.25,41.63,38630.07,531.94,0,,
3,4,2.8,12,63.1,31.25,234.76,38607.45,523.44,0,,
3,3,5,12,64.59,31.25,47,38644.4,532.71,0,,
3,3,5,12,66.66,31.25,204.68,38632.84,529.04,0,,
5,6,2.2,12,66.18,31.25,63.68,38621.98,522.9,0,,
3,3,5,12,64.31,31.25,101.97,38641.94,530.32,0,,
2,4,2.2,12,60.91,31.25,126.92,38610.56,513.45,0,,
3,4,2.2,10,51.86,31.25,54.46,38624.13,510.94,0,,
4,6,2.2,12,51.11,31.25,13.82,38615.59,508.66,0,,
2,4,2.2,12,48.08,31.25,133.1,38601.18,504.32,0,,
4,6,2.2,10,42.98,31.25,47.52,38612.68,503.07,0,,
3,6,2.2,12,46.78,31.25,46.77,38610.34,504.85,0,,
3,4,2.2,10,36.12,31.25,40.45,38614.55,498.11,0,,
2,4,2.2,11,35.03,31.25,38.19,38595.33,496.03,0,,
5,6,1.9,10,33.8,31.25,18.14,38618.72,497.21,0,,
5,7,1.9,11,22.59,31.25,42.6,38610.35,488.97,0,,
3,5,2.2,10,25.73,31.25,7.92,38609.02,491.21,0,,
4,6,2.2,10,24.44,31.25,50.54,38603.19,490.17,0,,
4,6,2.2,11,25.25,31.25,15.87,38599.04,489.91,0,,
2,4,2.2,11,24.82,31.25,18.79,38590.5,488.46,0,,
1,3,4.7,9,57.58,31.25,15.9,38610,385.01,0,,
1,1,7.9,7,0,31.25,22.68,38661.81,440.6,0,,
3,4,4.7,9,0,31.25,43.55,38625.13,401.89,0,,
3,4,4.7,10,0,31.25,54.37,38620,396.16,0,,
4,6,2.8,9,0,31.25,29.72,38625.7,403.03,0,,
4,6,2.8,10,0,31.25,41.21,38616.42,393.72,0,,
2,3,4.7,11,75.76,31.25,370.92,38601.77,377.91,0,,
1,1,3.1,4,0,31.25,18.66,38691.28,474.75,0,,
1,1,3.1,4,0,31.25,35.28,38687.11,469.92,0,,
2,2,5.2,8,0,31.25,49.2,38652.24,432.59,0,,
2,3,2.8,8,0,31.25,73.01,38636.65,415.31,0,,
2,3,2.8,8,0,31.25,41.21,38630.18,408.69,0,,
4,6,2.8,8,0,31.25,38.94,38628.06,405.95,0,,
4,6,2.8,10,0,31.25,41.21,38616.42,393.72,0,,
3,4,4.7,12,59.01,31.25,45.16,38607.2,383.93,0,,
4,6,2.8,10,0,31.25,38.94,38618.99,396.91,0,,
5,6,2.8,11,30.79,31.25,34.99,38611.81,389.43,0,,
2,3,4.7,12,79.4,31.25,44.35,38600.06,376.95,0,,
2,2,3.1,8,0,31.25,27.52,38659.55,441.5,0,,
1,1,5.2,8,0,31.25,40.78,38654.47,435.95,0,,
3,3,2.8,8,0,31.25,51.83,38637.28,417.75,0,,
2,3,2.8,8,0,31.25,49.28,38632.7,411.92,0,,
4,5,2.8,8,0,31.25,50.95,38621.34,399.88,0,,
5,5,2.8,10,0,31.25,38.92,38614.29,392.53,0,,
1,1,3.1,4,0,31.25,32.66,38676.58,462.24,0,,
2,3,3.1,6,0,31.25,40.39,38666.21,450.43,0,,
3,3,2.8,8,0,31.25,46.73,38638.83,420.26,0,,
3,3,2.8,8,0,31.25,44.35,38626.23,406.17,0,,
5,5,2.8,9,0,31.25,38.19,38616.5,395.39,0,,
5,5,2.8,13,56.3,31.25,36.69,38607.31,385.92,0,,
2,3,4.7,13,84.57,31.25,102.27,38596.54,374.4,0,,
2,3,4.7,12,89.45,31.25,35.94,38582.06,359.14,0,,
5,6,2.8,13,74.69,31.25,45.14,38601.26,380.21,0,,
2,3,3.1,4,0,31.25,35.11,38670.71,456.82,0,,
3,3,2.8,8,0,31.25,70.55,38630.95,413.3,0,,
3,3,2.8,8,0,31.25,15.84,38627.63,408.99,0,,
3,3,2.8,8,0,31.25,50.95,38621.62,402.02,0,,
4,4,2.8,8,0,31.25,44.32,38612.49,392.86,0,,
5,5,2.8,11,61.66,31.25,36.72,38604.89,384.78,0,,
4,5,3.9,13,90.95,31.25,36.29,38580.75,358.82,0,,
3,3,2.8,8,0,31.25,34.52,38615.4,396.63,0,,
4,4,2.8,10,25.69,31.25,28.48,38608.67,389.44,0,,
7,8,2.8,13,86.32,31.25,87.48,38593.44,373.71,0,,
4,5,2.8,8,0,31.25,33.16,38639.01,423.3,0,,
3,5,2.8,8,0,31.25,33.16,38630.78,414.34,0,,
4,4,2.8,9,0,31.25,46.77,38610.41,392.15,0,,
7,7,2.8,11,78.32,31.25,59.88,38598.52,380.04,0,,
4,4,3.9,13,91.41,31.25,38.58,38580.67,360.48,0,,
4,4,3.9,13,92.9,31.25,25.2,38577.05,356.14,0,,
3,5,3.1,6,0,31.25,46.79,38657.29,444.36,0,,
4,6,2.8,8,0,31.25,62.5,38638.73,424.74,0,,
3,4,2.8,8,0,31.25,63.71,38620.72,404.66,0,,
2,3,2.8,8,0,31.25,84.46,38618.14,401.29,0,,
5,5,2.8,13,90.21,31.25,21.25,38584.15,365.15,0,,
3,4,3.1,4,0,31.25,31.68,38664.71,455.31,0,,
2,5,3.1,4,0,31.25,32.82,38661.19,450.7,0,,
4,4,3.9,14,94.63,31.25,31.68,38570.32,351.75,0,,
4,4,3.9,14,94.59,31.25,16.29,38566.43,346.88,0,,
2,6,2.8,8,0,31.25,58.32,38642.79,433.86,0,,
4,5,2.8,9,96.1,31.25,714.14,38610.29,398.78,0,,
5,5,2.8,13,92.76,31.25,27.86,38575.79,358.9,0,,
3,6,2.8,7,0,31.25,54.66,38637.09,430.4,0,,
2,2,2.8,9,75.48,31.25,60.74,38591.04,378.14,0,,
3,3,2.8,9,97.06,31.25,41.18,38600.7,393.11,0,,
4,5,2.8,9,97.06,31.25,58.85,38606.93,401.54,0,,
2,2,3.7,3,94.45,31.25,43.5,38596.87,375.2,0,,
3,3,2.2,4,94.45,31.25,59.73,38642.48,427.3,0,,
0,0,0,4,94.66,31.25,89.11,38614.95,398.35,0,,
0,0,0,4,94.63,31.25,50.07,38592.85,374.41,0,,
0,0,0,5,94.66,31.25,20.74,38618.77,404.43,0,,
0,0,0,5,94.66,31.25,49.28,38624.93,412.58,0,,
0,0,0,5,94.66,31.25,49.28,38624.93,412.58,0,,
0,0,0,6,94.72,31.25,27.22,38573.7,356.89,0,,
0,0,0,3,94.66,31.25,40.45,38636.75,427.33,0,,
0,0,0,5,94.66,31.25,48.08,38617.31,406.45,0,,
1,1,5.7,3,94.55,31.25,107.31,38644.65,438.2,0,,
0,0,0,3,94.66,31.25,85.19,38623.51,413.89,0,,
0,0,0,5,94.73,31.25,43.43,38592.66,380.79,0,,
2,2,2.3,3,94.13,31.25,65.52,38648.7,445,0,,
1,1,2.3,3,94.66,31.25,36.72,38633.15,427.05,0,,
0,0,0,5,94.58,31.25,44.32,38601.94,392.43,0,,
0,0,0,5,94.58,31.25,44.32,38601.94,392.43,0,,
0,0,0,3,94.66,31.25,48.31,38621.68,415.04,0,,
0,0,0,6,94.82,31.25,78.62,38585.43,374.5,0,,
1,1,2.3,3,94.66,31.25,33.87,38618.93,415.67,0,,
1,1,2.3,3,94.66,31.25,37.4,38612.88,407.82,0,,
0,0,0,5,94.69,31.25,16.29,,,0,,
1,1,2.3,3,94.66,31.25,32.46,38608.63,404.7,0,,
0,0,0,5,94.69,31.25,16.29,38600.91,394.18,0,,
0,0,0,0,0,0,12.1,38656.04,433.78,2,,
0,0,0,0,0,0.06,17.97,38652.05,429.32,0,,
0,0,0,0,0,0.06,23.62,38648.21,425.84,2,,
0,0,0,0,0,0.06,25.83,38643.41,420.61,0,,
0,0,0,0,0,0.09,32.5,38641.69,418.76,0,,
0,0,0,0,0,0.06,35.14,38643.65,421.83,2,,
0,0,0,0,0,0.06,10.11,38635.86,413.33,2,,
0,0,0,1,0,0.06,32.05,38625.69,403.2,0,,
0,0,0,0,0,0.09,62.02,38659.38,440.28,0,,
0,0,0,0,0,0,33.12,38634.25,413.15,0,,
0,0,0,1,0,0.06,31.88,38620.66,398.81,0,,
0,0,0,0,0,0,13.71,38634.34,413.98,0,,
0,0,0,1,0,0.06,28.22,38628.17,407.51,0,,
0,0,0,2,0,0.09,46.73,38611.32,389.76,0,,
0,0,0,0,0,0.09,55.71,38676.67,463.99,0,,
0,0,0,0,0,0.06,56.16,38671.72,458.25,0,,
0,0,0,0,0,0.06,25.72,38668.41,453.98,0,,
0,0,0,0,0,0.09,29.16,38663.1,447.85,0,,
0,0,0,0,0,0.09,25.44,38655.22,439.77,0,,
0,0,0,0,0,0.06,31.1,38642.04,425.1,0,,
0,0,0,0,0,0.06,33.7,38639.9,422.23,0,,
0,0,0,0,0,0.06,34.85,38632.92,414.97,0,,
0,0,0,1,0,0.06,42.6,38628.53,409.93,0,,
0,0,0,1,0,0.06,29.64,38621.14,402.8,0,,
0,0,0,2,0,0,42.11,38614.83,395.2,0,,
0,0,0,2,0,0.06,87.84,38608.96,388.47,0,,
0,0,0,2,1.27,0.56,8.32,38595.77,374.91,0,,
0,0,0,0,0,0.06,41.62,38634.38,421.28,0,,
0,0,0,2,0,5.35,328.32,38611.24,396.96,0,,
0,0,0,2,0.7,0,16.13,38600.74,382.8,0,,
0,0,0,3,2.31,0.09,70.49,38593.85,374.91,0,,
0,0,0,3,4.59,1.43,20.28,38587.6,367.89,0,,
0,0,4,7.84,2.43,35.94,38581.08,361.03,376.63,0,,
0,0,0,3,2.35,0,61.69,38594.17,376.63,0,,
0,0,0,4,5.92,0.09,34.83,38584.69,366.44,0,,
0,0,0,4,5.62,0.06,43.23,38584.25,368.86,0,,
0,0,0,4,9.46,0.38,38.42,38576.57,359.46,0,,
0,0,0,1,0,0.06,119.58,38616.52,407.92,0,,
1,0,0,4,10.97,8.11,102.73,38571.21,355.97,0,,
1,1,7.1,0,0,1.46,36.29,38621.84,418.25,0,,
1,2,1.2,4,13.71,14.35,35.11,38564.57,349.89,0,,
1,1,7.1,4,10.28,19.86,43.96,38567.46,356.02,0,,
2,3,1.2,4,13.39,21.5,43.03,38561.53,348.94,0,,
0,0,0,1,0.06,0,58.98,38685.11,465.18,0,,
1,0,0,1,0.05,0.06,25.83,38674.23,455.1,0,,
0,0,0,1,17.89,0.06,16.07,38592.94,368.33,0,,
0,0,0,1,0.05,0,61.29,38683.97,467.2,0,,
0,0,0,1,0.05,0.06,39.08,38676.23,458.7,0,,
1,1,1.7,1,0.05,0.06,38.19,38669.73,451.48,0,,
1,1,1.7,1,0.05,0.06,50.08,38674.13,457.78,0,,
1,1,1.7,1,0.05,3,47.43,38664.67,447.7,0,,
2,2,1.7,1,0.04,10.52,120.12,38670.96,459.5,0,,
1,1,1.7,1,0.04,6.95,43.75,38663.43,450.43,0,,
1,1,1.7,1,0.04,9.16,35.29,38658.92,445.16,0,,
1,1,1.7,1,0.04,13.04,30.53,38653.33,438.89,0,,
1,1,1.7,1,0.04,17.85,37.09,38648.17,433.02,0,,
1,1,1.7,2,3.05,4.25,8.61,38638.98,421.83,0,,
1,1,1.7,2,3.05,4.25,8.61,38638.98,421.83,0,,
1,1,1.7,2,0.04,20.42,28.45,38646.39,432.74,0,,
1,1,1.7,2,2.69,5.63,8.64,38636.05,420.08,0,,
1,1,1.7,4,2.73,4.92,5.53,38632.22,417.17,0,,
2,3,1.7,1,0.01,21.53,33.44,38656.94,447.52,0,,
2,3,1.7,4,0.04,25.08,24.62,38646.23,435.28,0,,
2,1,1.7,4,0.14,18.35,33.58,38636.97,424.75,0,,
2,3,1.7,1,0,26.37,58.62,38663.33,455.99,0,,
2,3,1.7,1,0,27.31,31.1,38656.32,448.67,0,,
2,3,1.7,1,0,35.16,27.24,38659.61,454.72,0,,
2,3,1.7,3,0,32.63,36.12,38650.28,443.56,0,,
2,3,1.7,4,0,32.37,36.94,38645.74,438.01,0,,
3,3,1.7,4,0.01,31.17,23.44,38640.39,431.41,0,,
2,1,1.7,4,0.14,18.35,33.58,38636.97,424.75,0,,
2,3,1.7,4,0,38.93,59.67,38644.09,438.57,0,,
2,3,1.7,3,0,40.31,17.5,38649.62,445.49,0,,
3,3,1.7,5,0,30.37,67.32,38635.43,427.46,0,,
1,1,9,3,0,0.06,12.53,38684.45,461.78,0,,
1,1,9,5,0,0,37.32,38659.47,435.72,0,,
3,3,4.3,2,0,0,31.1,38701.02,475.52,0,,
3,3,4.3,2,0,0.09,28.93,38706.98,481.56,2,,
2,2,2,5,0,0.09,5.4,38638.97,414.68,0,,
2,3,1.7,2,0,11.06,83.94,38654.75,429.78,0,,
2,3,1.7,3,0,8.4,44.64,38647.39,422.1,0,,
0,0,0,1,0.28,0.06,151.26,38653.27,427.88,1,,
0,0,0,2,32.14,20.63,15.52,38712.1,486.73,2,,
0,0,0,2,30.88,14.26,21.54,38705.9,480.49,0,,
1,1,8.2,1,94.82,0,192.84,16654.36,14194.6,0,,
1,1,8.2,2,94.94,4.13,287.48,16656.7,14198.49,0,,
1,1,8.2,2,95.39,0.09,37.8,16656.16,14196.88,0,,
1,1,8.2,2,95.06,6.62,36.75,16670.84,14180.44,0,,
1,1,8.2,2,94.78,3.78,17.96,16666.84,14187.8,0,,
1,1,8.2,2,94.66,0.38,22.12,16674.41,14178.91,0,,
1,1,8.2,2,94.86,3.31,4.75,16670.39,14183.29,0,,
1,1,8.2,2,93.74,0.06,141.03,16678.64,14179.76,0,,
1,1,8.2,2,94.52,0.09,58.82,16686.07,14166.32,0,,
1,1,2.2,3,89.87,0.06,42.94,16718.51,14139.44,0,,
1,1,8.2,3,93.88,0.06,22.44,16683.8,14173.38,0,,
1,1,8.2,3,93.65,0.09,29.1,16694.87,14160.71,0,,
1,1,8.2,3,92.89,0,33.18,16692.74,14165.54,0,,
1,1,2.1,4,92.96,0.06,19.76,16694.62,14167.4,0,,
1,1,2.1,4,93.11,0.06,42.77,16695.21,14169.58,0,,
0,0,0,3,90.97,0,85.19,16705.08,14152.29,0,,
1,1,2.1,4,92.52,0.06,59.47,16702.88,14159.77,0,,
1,1,2.1,4,92.3,0.09,32.82,16707.41,14157.34,0,,
1,1,2.1,4,93.11,0.06,42.77,16695.21,14169.58,0,,
1,1,2.1,5,93,0.06,29.38,16704.09,14162.69,0,,
1,1,2.2,3,89.87,0.06,42.94,16718.51,14139.44,0,,
0,0,0,4,90.98,0,53.57,16714.7,14147.97,0,,
1,1,2.1,5,91.15,0.06,41.96,16718.14,14147.57,0,,
1,1,2.2,3,89.87,0.06,42.94,16718.51,14139.44,0,,
2,3,2.1,5,93.43,11.25,37.44,16690.47,14178.72,0,,
0,0,0,4,90.22,0.06,32.28,16725.02,14140.48,0,,
1,1,2.2,3,89.28,0.06,56.22,16727.49,14131.36,0,,
1,1,2.2,4,89.63,0.09,22.68,16731.95,14133.5,0,,
1,1,2.2,3,89.28,0.06,56.22,16727.49,14131.36,0,,
1,1,2.2,3,89.09,0,16.65,16735.56,14127.2,0,,
1,1,2.2,3,89.29,0.09,4.65,16736.86,14127.67,0,,
1,1,2.2,2,91.24,0.38,67.54,16740.71,14116.02,0,,
2,3,2.9,7,98.64,173.68,38.23,16657.39,14190.35,0,,
3,4,1.8,8,98.63,165.35,7.6,16665.56,14183.35,0,,
4,5,1.8,10,98.59,142.07,10.44,16673.53,14185.76,0,,
5,6,1.8,11,98.56,139.03,20.3,16683.15,14172.96,0,,
5,9,1.8,11,98.62,135.27,16.56,16684.12,14173.82,0,,
1,1,1.4,7,98.72,169.52,34.63,16693.05,14146.12,0,,
2,2,1.4,7,98.71,164.27,30.53,16692.82,14148.46,0,,
2,2,1.4,7,98.67,155.31,8.55,16693.68,14151.02,0,,
6,8,1.8,11,98.66,132.16,45.16,16690.6,14166.13,0,,
5,8,1.8,11,98.65,129.03,14.11,16691.03,14167.34,0,,
4,8,1.8,11,98.66,126.8,147.83,16688.18,14173.19,0,,
2,2,1.4,7,98.72,158.32,62.67,16702.52,14139.03,0,,
2,2,1.4,7,98.66,148.7,8.16,16700.88,14144.8,0,,
2,2,1.4,7,98.72,158.32,62.67,16702.52,14139.03,0,,
2,2,1.4,7,98.72,158.32,62.67,16702.52,14139.03,0,,
2,2,1.4,3,98.07,170.93,18.14,16708.66,14127.25,0,,
3,4,1.8,12,98.65,123.74,23.44,16704.19,14151.64,0,,
5,7,1.8,11,98.6,117.22,533.23,16698.52,14163.52,0,,
2,2,1.4,3,98.07,170.93,18.14,16708.66,14127.25,0,,
2,2,1.4,6,98.44,162.79,6.35,16708.46,14130.36,0,,
2,2,1.4,4,98.07,162.94,39.6,16714.29,14123.57,0,,
4,5,1.8,12,98.56,108.97,439.6,16707,14155.89,0,,
2,2,1.4,4,98.07,162.94,39.6,16714.29,14123.57,0,,
2,2,1.4,4,96.53,160.66,16.13,16719.96,14117.91,0,,
2,2,1.4,6,97.11,152.82,25.27,16720.89,14119.55,0,,
2,2,1.8,10,97.54,122.9,110.22,16728.27,14121.74,0,,
0,0,0,0,26.64,0.06,40.78,16636,14209.5,0,,
0,0,0,0,25.81,0.06,18.12,16634.64,14212.22,0,,
0,0,0,0,27.67,0,27.82,16637.08,14212.98,0,,
1,1,3,0,23.31,0,6.91,16631.26,14219.79,0,,
1,1,3,0,28.5,0,38.71,16642.63,14213.67,0,,
0,0,0,0,32.39,0.09,41.86,16644.67,14203.96,0,,
1,0,0,0,30.73,0.06,14.77,16643.02,14208.41,0,,
1,1,3,0,31.51,0.06,16.07,16648.29,14207.94,0,,
0,0,0,5,40.54,6.05,70.21,16658.36,14209.46,0,,
1,1,3,1,35.83,0.06,12.53,16656.44,14199.16,0,,
0,0,0,5,40.97,2.81,29.16,16662.03,14205.17,0,,
0,0,0,1,40.27,0.06,18.06,16666.42,14185.34,0,,
0,0,0,1,40.96,0.06,19.01,16668.88,14182.08,0,,
0,0,0,2,41.15,0.09,48.43,16674.21,14183.17,0,,
0,0,0,3,40.52,0.09,12.11,16673.46,14185.53,0,,
0,0,0,3,43.2,0.06,93.14,16685.3,14172.29,0,,
0,0,0,1,44.7,0.06,34.99,16686.16,14162.91,0,,
0,0,0,2,44.71,0.06,75.4,16693.72,14161.91,0,,
0,0,0,2,49.44,0.09,106.14,16716.86,14138.79,0,,
0,0,0,2,61.71,0.09,116.68,16738.33,14114.41,0,,
1,1,4.2,1,98.01,207,174.1,16638.49,14204.86,0,,
1,1,4.2,3,98.19,188.49,8.28,16638.54,14212.96,0,,
1,1,4.2,3,98.18,175.53,241.06,16643.53,14212.59,0,,
2,2,4.2,1,98.07,204.73,195.55,16642.07,14201.35,0,,
2,3,4.2,3,98.18,193.27,9.37,16644.72,14202.83,0,,
2,3,4.2,3,98.2,190.33,30.64,16644.04,14204.98,0,,
2,2,4.2,3,98.16,169.01,298.08,16650.12,14206.92,0,,
2,3,4.2,1,98.11,202.75,166.61,16645.79,14197.55,0,,
3,3,4.2,2,98.18,195.52,64.92,16658.55,14184.84,0,,
3,3,4.2,4,98.16,183.74,65.17,16666.95,14179.26,0,,
3,3,4.2,4,96.83,174.26,42.68,16668.4,14181.24,0,,
3,3,4.2,5,95.76,158.97,38.71,16668.71,14187.23,0,,
3,3,5,6,92.33,142.87,79.76,16676.56,14184.36,0,,
3,3,4.2,5,96.16,168.12,55.81,16675.49,14175.04,0,,
1,1,5.5,6,92.14,147.42,45.16,16676.95,14181.8,0,,
3,3,5,6,92.33,140.5,7.49,16675.65,14186.66,0,,
4,4,1.9,5,96.2,170.03,75.4,16682.5,14165.91,0,,
1,1,5.5,8,92.49,142.59,25.92,16685.46,14173.14,0,,
4,4,1.9,5,96.2,170.03,75.4,16682.5,14165.91,0,,
3,3,5,6,92.14,137.83,6.85,16678.29,14184.45,0,,
2,2,1.9,3,97.63,186.26,22.98,16684.02,14158.28,0,,
1,1,5.5,8,92.49,142.59,25.92,16685.46,14173.14,0,,
2,2,1.9,4,98.05,202.84,21.77,16695.55,14139.76,0,,
2,2,1.9,5,96.34,173.66,55.3,16695.64,14149.42,0,,
1,1,5.5,8,92.23,137.36,9.33,16691.84,14167.41,0,,
1,1,5.5,9,91.72,134.35,14.11,16699.65,14159.09,0,,
2,2,1.9,9,93.29,146.04,35.11,16698.17,14156.38,0,,
2,2,1.9,7,93.54,158.91,51.84,16700.04,14149.54,0,,
1,1,5.5,8,89.85,128,8.87,16700.74,14160.29,0,,
1,1,5.5,8,90.49,130.97,30.89,16700.48,14159.42,0,,
1,1,1.9,9,93.52,145.54,33.7,16703.57,14150.26,0,,
1,1,1.9,9,93.41,140.6,35.87,16709.34,14145.38,0,,
1,1,5.5,9,90.47,126.5,19.44,16706.3,14154.16,0,,
1,1,1.9,6,96.69,172.53,31.1,16708.53,14135.38,0,,
1,1,1.9,7,96.54,173.27,36.69,16703,14141.27,0,,
1,1,1.9,8,94.98,162.58,33.18,16706.43,14141.04,0,,
1,1,1.9,8,96.09,164.6,33.7,16714.23,14131.72,0,,
1,1,1.9,7,96.81,166.76,63.68,16719.59,14125.16,0,,
1,1,1.9,9,93.82,141.27,63.07,16717.67,14135.71,0,,
1,1,1.9,9,93.82,141.27,63.07,16717.67,14135.71,0,,
1,1,1.9,9,94.05,138.69,40.32,16725.84,14127.52,0,,
0,0,0,9,91.54,119.57,47.92,16724.16,14135.91,0,,
1,1,1.9,8,94.34,142.75,13.25,16725.04,14127.06,0,,
0,0,0,6,96.94,181.38,32.66,16725.62,14114.05,0,,
0,0,0,6,97.04,176.59,42.16,16736.22,14104.37,0,,
3,3,1.9,8,94.8,144.02,46.01,16735.38,14115.43,0,,
0,0,0,7,96.76,174.61,35.38,16743.43,14096.94,0,,
3,3,1.9,9,96.7,160.46,7.56,16748.36,14096.24,0,,
1,3,1.8,3,9.62,46.65,234.43,23836.03,6386.27,0,,
3,5,1.7,5,13.47,21.65,63.39,23838.93,6412.98,0,,
3,4,1.7,5,12.73,29.17,40.32,23851.21,6413.81,0,,
3,5,1.7,5,11.62,41.16,31.81,23858.47,6398.01,0,,
1,1,3,5,13.26,34.21,92.15,23888.09,6407.44,0,,
2,2,3,6,10.25,31.5,144.06,23905.56,6409.83,0,,
3,5,2.3,5,0.15,43.67,59.9,23928.57,6309.32,0,,
2,3,0.7,4,65.49,37.74,51.67,23941.28,6248.22,0,,
3,5,2.3,6,0.09,33.77,38.94,23935.81,6323.39,0,,
1,3,0.7,4,42.39,36.19,31.8,23958.3,6263.34,0,,
2,3,0.7,4,36.24,40.89,126.27,23957.57,6271.18,0,,
3,3,2.8,6,27.96,39.46,78.72,23975.38,6273.92,0,,
1,1,5.1,10,19.89,21.4,33.84,24004.85,6283.87,0,,
0,0,0,9,27.25,18.33,19.48,24007.3,6269.41,0,,
0,0,0,9,27.14,15.55,13.91,24009.91,6268.88,0,,
0,0,0,3,7.74,70.62,102.38,23935.59,6412.75,0,,
4,4,3,6,7.69,62.08,115.2,23952.39,6415.15,0,,
3,3,3.2,6,7.74,52.87,33.84,23951.9,6423.81,0,,
1,1,3,5,0,108.39,13.36,23973.01,6368.86,0,,
2,3,3.2,7,20.51,30.01,51.9,23968.87,6439.44,0,,
1,1,3,7,0,97.49,23.33,23977.2,6377.65,0,,
4,4,3,8,24.39,36.35,35.19,23978.14,6431.22,0,,
1,1,3,8,0,95.2,58.97,23981.09,6378.14,0,,
0,0,0,3,0,110.26,106.7,23997.75,6341.8,0,,
1,1,3,8,0.61,86.49,56.25,23987.57,6383.71,0,,
2,2,3,8,2.23,81.73,67.54,23991.73,6386.97,0,,
4,4,3,9,21.05,33.39,22.18,23985.05,6433.67,0,,
5,6,3,10,18.07,31.1,29.15,23991.26,6437.99,0,,
4,4,3,8,0,79.91,30.33,24008.31,6383.41,0,,
2,2,4.5,8,0,75.95,58.03,24016.77,6367.6,0,,
3,3,3,8,0.02,66.72,51.61,24020.46,6382.87,0,,
0,0,0,0,3.02,24,92.1,24179.66,6383.26,0,,
0,0,0,0,4.87,19.06,82.8,24184.53,6379.96,0,,
0,0,0,0,6.42,12.12,29.1,24193.07,6376.46,0,,
0,0,0,1,5.99,20.59,33.87,24217.49,6389.88,0,,
0,0,0,0,12.22,0.09,34.06,24230.8,6350.97,2,,
0,0,0,0,11.8,0,35.77,24235.55,6355.08,0,,
0,0,0,0,0.79,0.09,354.72,24335.54,6344.13,0,,
0,0,0,1,1.46,0,25,24354.93,6322.24,0,,
0,0,0,4,0.99,36.08,90.72,24371.93,6300.19,0,,
0,0,0,3,1.05,15.32,321.55,24365.46,6308.3,0,,
0,0,0,3,0.98,18.52,160.88,24372.31,6301.66,0,,
0,0,0,3,0.91,17,158.7,24380.97,6293.69,0,,
0,0,0,6,1.04,47.29,194.8,24390.08,6282.08,0,,
0,0,0,1,15.3,0.69,48.43,24344.17,6330.63,0,,
0,0,0,2,18.66,7.58,27.75,24349.27,6326.14,0,,
0,0,0,1,12.7,0.09,18.53,24356.91,6317,0,,
0,0,0,2,12.25,0.06,30.1,24362.65,6311.06,0,,
0,0,0,2,14.99,2.17,15.87,24362.95,6311.57,0,,
0,0,0,4,20.65,14.49,21.54,24358.94,6316.84,0,,
0,0,0,2,8.92,0.06,14.6,24372.29,6300.42,2,,
0,0,0,2,8.11,0.09,28.73,24377.78,6294.83,2,,
0,0,0,2,14.11,0.09,50.1,24375.49,6298.81,0,,
0,0,0,2,9.13,0,103.91,24386.81,6286.18,1,,
0,0,0,5,21.74,8.24,111.5,24395.41,6280.69,0,,
1,2,3.1,6,30.34,9.09,27.91,24417.42,6259.81,0,,
2,3,2.1,1,57.28,1.94,17.5,24724.55,5958.71,0,,
3,3,2.1,1,57.79,3.72,53.52,24729.79,5953.44,0,,
3,3,2.1,1,56.27,2.56,15.62,24734.03,5949.52,0,,
3,3,2.1,1,55.98,3.95,19.87,24739.09,5944.47,0,,
2,3,2.1,1,67.1,21.77,25.83,24743.31,5938.46,0,,
2,3,2.1,1,66.28,19.81,8.76,24750.54,5931.49,0,,
2,3,2.1,1,71.06,24.06,7.26,24754.28,5927.34,0,,
1,1,2.1,1,53.59,3.24,40.39,24763.97,5920.04,0,,
1,1,2.1,1,48.7,0,6.97,24772.17,5913.8,0,,
2,2,2.1,1,47.23,0.06,17.11,24773.87,5912.88,0,,
2,2,2.1,1,50.78,0,30.07,24787.66,5899.44,0,,
0,0,0,0,62.68,0.06,6.65,24808.16,5878.11,0,,
0,0,0,0,66.58,0,7.49,24815.83,5870.61,2,,
1,1,2.3,1,18.91,62.47,9.82,24719.01,5972.05,0,,
1,1,2.3,1,16.76,65.62,48.43,24723.51,5968.02,0,,
0,0,0,3,22.97,47.35,88.13,24757.38,5932.74,0,,
0,0,0,2,58.53,8.11,9.22,24767.51,5915.3,0,,
0,0,0,2,58.85,3.8,66.59,24776.24,5906.97,0,,
0,0,0,3,10.34,24.87,26.11,24284.03,3595.97,0,,
1,1,2.2,3,11.4,28.26,57.77,24283.57,3598.34,0,,
0,0,0,3,15.85,15.43,10.45,24296.02,3580.8,0,,
0,0,0,3,17.36,13.84,43.04,24297.95,3579.87,0,,
2,3,2.2,3,13.61,23.21,23.04,24289.67,3592.73,0,,
2,3,2.2,4,16,31.38,31.58,24289.59,3595.68,0,,
2,5,2.2,6,17.27,40.31,42.51,24288.61,3599.04,0,,
0,0,0,3,22.91,6.06,37.44,24304.78,3573.84,0,,
0,0,0,3,20.01,9.07,14.73,24300,3579.18,0,,
2,3,2.2,3,22.87,12.03,48.38,24302.28,3580.16,0,,
2,3,2.2,6,20.61,25.47,51.48,24298.06,3587.53,0,,
3,5,2.2,7,21.02,39.67,17.34,24296.43,3592.32,0,,
3,4,2.2,5,25.55,14.47,25.4,24305.7,3578.49,0,,
2,4,2.2,6,25.99,21.09,69.55,24307.48,3578.46,0,,
3,7,2.2,7,23.04,40.52,46.08,24302.43,3587.16,0,,
3,6,2.2,7,23.52,46.43,31.1,24304.59,3586.41,0,,
1,1,5.2,4,29.13,0,18.6,24316.68,3564.95,0,,
3,4,2.2,5,27.79,8.61,51.71,24312.84,3570.99,0,,
3,4,2.2,5,27.83,10.75,35.77,24316.18,3568.27,0,,
2,5,2.2,6,27.5,26.16,14.23,24316.17,3571.48,0,,
1,1,5.2,5,31.89,0.06,59.82,24330.29,3551.6,0,,
0,0,0,5,34.74,0.09,36.53,24335.82,3544.97,0,,
2,5,2.2,5,29.84,12.33,64.64,24332.66,3553.37,0,,
2,5,2.2,6,29.64,21.52,27.71,24327.53,3559.93,0,,
2,5,2.2,6,30.66,21.89,64.51,24332.28,3555.96,0,,
2,5,2.2,6,29.98,29.26,66.23,24326.64,3562.57,0,,
1,1,0,5,33.02,0.06,42.68,24343.87,3540.48,0,,
0,0,0,4,38.92,0.09,94.25,24352.16,3529.84,0,,
0,0,0,4,41.55,0.06,77.36,24358.77,3524.57,0,,
0,0,0,0,23.92,2.81,25.7,24282.75,3592.85,0,,
1,1,2.7,0,27.03,2.88,33.78,24282.85,3594.51,0,,
1,1,2.7,0,29.15,1.58,27.22,24282.86,3595.92,0,,
1,2,2.7,1,34.72,6.2,36.63,24285.38,3595.38,0,,
0,0,0,0,35.2,13.21,43.32,24293.72,3582.43,0,,
0,0,0,0,35.08,11.36,37.84,24291.39,3586.14,0,,
2,2,2.7,0,39.87,12.23,36.72,24294.28,3585.12,0,,
1,2,2.7,1,39.81,11.19,36.29,24292.09,3588.43,0,,
1,2,2.7,2,38.24,11.97,22.18,24288.3,3593.85,0,,
0,0,0,0,43.05,4.45,12.36,24302.57,3574.17,0,,
1,1,3.2,0,50.54,2.26,32.26,24311.07,3567.46,0,,
1,2,2.7,4,47.23,4.14,52.68,24297.99,3589.53,0,,
1,1,3.2,5,52.91,8.46,88.7,24308.56,3578.79,0,,
1,1,3.2,2,55.64,5.59,36.5,24328.51,3552.34,0,,
1,1,3.2,6,57.94,13.59,43.33,24323.48,3565.93,0,,
1,1,3.2,6,55.19,3.63,44.45,24318.15,3573.22,0,,
1,1,3.2,6,58.41,23.03,34.68,24328.73,3559.17,0,,
1,1,3.2,6,59.29,20.9,16.29,24330.96,3558.07,0,,
2,2,2.2,6,58.67,9.52,17.11,24325.27,3566.57,0,,
1,1,2.6,3,96.55,113.12,85.18,24267.46,3616.39,0,,
5,7,2.1,5,96.44,93.64,58.97,24294.02,3587.19,0,,
0,0,0,3,0.42,68.23,57.89,24273.68,3616.64,0,,
0,0,0,3,0.59,60.15,75.57,24289.28,3599.44,0,,
0,0,0,4,4.02,76.16,59.88,24283.56,3608.5,0,,
0,0,0,6,12.61,84.97,35.28,24290.29,3603.65,0,,
0,0,0,6,16.75,86.95,21.54,24293.21,3602.16,0,,
0,1,0,5,6.37,43.49,40.92,24309.31,3575.81,0,,
0,0,0,7,9.69,69.34,59.62,24302.2,3589.91,0,,
0,1,0,4,21.45,13.09,30.34,24328.1,3552.39,0,,
1,1,0,5,22.92,17.88,62.67,24337.1,3546.58,0,,
1,1,1.9,8,18.13,25.24,48.43,24337.36,3550.09,0,,
0,0,0,1,1.95,0.09,121.72,24298.5,3580.62,0,,
0,0,0,1,2.25,0,23.04,24306.62,3571.12,0,,
1,1,5.7,1,2.64,5.58,7.26,24319.8,3570.69,0,,
1,2,2.9,1,2.98,10.42,41.49,24328.57,3563,0,,
1,2,2.9,1,3.12,11,56.85,24329.7,3561.98,0,,
1,2,2.9,1,3.44,2.95,31.05,24358.16,3530.34,0,,
2,4,2.3,5,34.79,2,54.29,26799.12,3859.38,0,,
3,3,2.3,5,36.12,0.06,19.01,26809.66,3848.69,0,,
2,2,2.9,3,43.08,0.06,12.44,26823.41,3834.26,0,,
2,2,2.9,5,44.74,0.09,72.36,26839.04,3819.19,0,,
0,0,0,2,50.81,0.06,37.79,26859.07,3798.23,0,,
0,0,0,1,16.07,0.09,55.22,26804.41,3852.66,0,,
0,0,0,3,12.56,3.76,43.34,26799.73,3857.89,0,,
0,0,0,3,11.34,11.29,28.51,26795.06,3862.78,0,,
0,0,0,0,16.26,0.09,41.86,26812.87,3844.08,0,,
0,0,0,1,16.75,0.09,22.77,26812.55,3844.49,0,,
2,2,2.1,4,11.56,9,26.57,26834.37,3824.59,0,,
1,1,2.1,4,14.65,11.4,72.58,26846.22,3812.26,0,,
1,1,2.5,0,3.23,27.65,34.52,26850.85,3808.11,0,,
0,0,0,1,30.28,84.87,245.79,11295.97,9570.57,0,,
0,0,0,2,36.69,95.42,50.69,11298.97,9581.36,0,,
0,0,0,3,41.88,93.13,57.63,11308.08,9579.49,0,,
1,1,4,0,0,53.89,35.48,11293.98,9538.65,0,,
1,1,4,1,1.96,62,31.19,11305.12,9548.07,0,,
1,1,4,1,1.96,62,31.19,11305.12,9548.07,0,,
1,1,4,4,16,67.73,31.25,11311.91,9554.09,0,,
1,1,4,6,35.16,56.3,106.37,11334.77,9539.15,0,,
1,1,2.1,3,73.44,66.58,95.56,11271.58,9540.66,0,,
1,1,2.1,3,74.03,56.77,47.58,11280.86,9544.71,0,,
1,1,2.1,3,77.08,50.04,23.01,11287.51,9545.21,0,,
3,4,2.1,3,87.86,39.36,23.62,11299.3,9532.86,0,,
3,3,2.1,3,91.18,37.41,73.53,11299.09,9522.38,0,,
3,4,2.1,5,84.11,22.38,21.67,11315.04,9546.45,0,,
2,2,2.3,6,93.33,0.98,131.79,11339.35,9520.8,0,,
1,3,2.2,4,0.41,27.41,26.71,11336.08,9616.12,0,,
1,4,2.2,4,0.41,33.6,52.88,11342.11,9608.17,0,,
2,4,2.2,4,0.44,32.15,40.78,11350.95,9601.8,0,,
3,3,2.2,4,0.44,24.44,186.44,11352.77,9591.01,0,,
2,4,2.4,4,2.82,59.39,120.64,11388.77,9603.4,0,,
2,5,2.4,4,4.82,83.2,146.88,11407.09,9617.98,0,,
2,5,2.4,5,5.11,84.92,137.13,11408.59,9618.85,0,,
2,2,2.4,4,4.15,50.4,278.09,11396.75,9576.93,0,,
1,1,4.5,1,74.74,21.78,47.81,11394.11,9486.4,0,,
1,1,2.6,2,0.12,60.87,36.66,10506.66,9376.5,0,,
2,2,2.6,2,0.1,42.59,55.76,10524.35,9367.33,0,,
2,2,2.6,2,0.06,53.92,167.67,10535.05,9390.73,0,,
1,1,2.6,2,0.23,30.36,72.81,10528.76,9330.76,0,,
2,2,2.6,2,0.14,22.59,88.44,10535.83,9338.49,0,,
3,3,2.5,3,0.05,30.71,65.52,10576.32,9369.81,0,,
1,1,2.5,3,0.05,37.37,334.28,10581.73,9374.5,0,,
2,2,2.6,2,0.14,9.16,9,10550.94,9325.88,0,,
3,4,2.5,3,0.07,16.23,40.22,10570.54,9356.94,0,,
3,4,2.5,3,0.06,19.73,92.16,10577.41,9358.4,0,,
0,0,0,5,0.05,43.03,18.43,10594.43,9373.05,0,,
3,4,2.5,5,0.07,17.19,71.4,10585.58,9349.48,0,,
3,4,2.2,8,26.97,31.25,334.89,10591.11,9455.74,0,,
3,4,2.2,8,24.21,31.25,38.81,10599.19,9445.53,0,,
1,1,2.5,7,34.5,31.25,348.16,10593.79,9369.52,0,,
0,0,0,2,82,31.25,299.64,10571.72,9321.81,0,,
0,0,0,1,95.26,31.25,33.78,10580.19,9310.55,0,,
0,0,0,1,95.52,31.25,401.24,10580.97,9296.69,0,,
1,1,3.8,2,0,31.25,97.44,10718.14,9283.32,0,,
0,0,0,1,0,0.06,9.07,11788.69,8091.26,0,,
0,0,0,1,0,16,12.44,11848.38,8095.22,2,,
0,0,0,1,0,14.43,9.5,11848.95,8099.31,2,,
0,0,0,1,0,26.14,11.59,11861.23,8097.73,0,,
2,2,0.8,1,0,0.06,21.34,10650.3,9005.14,2,,
0,0,0,1,10.99,31.25,52.14,12363.93,7899.88,0,,
0,0,0,2,9.47,31.25,42.74,12366.73,7883.76,0,,
0,0,0,2,9.98,31.25,24.36,12367.51,7892.48,0,,
0,0,0,2,9.98,31.25,24.36,12367.51,7892.48,0,,
0,0,0,1,19.11,31.25,17.74,12404.93,7932.74,0,,
0,0,0,0,24.88,31.25,66.53,12401.78,7944.76,0,,
0,0,0,0,48.36,31.25,13.31,12408.27,7963,0,,
0,0,0,2,9.26,31.25,37.07,12366.79,7873.08,0,,
0,0,0,2,15.04,31.25,14.69,12404.03,7928.25,0,,
0,0,0,1,19.11,31.25,17.74,12404.93,7932.74,0,,
0,0,0,1,42.07,31.25,100.4,12414.42,7939.94,0,,
0,0,0,0,43.67,31.25,21.05,12411.11,7947.68,0,,
0,0,0,3,9.25,31.25,30.7,12377.75,7867.35,0,,
0,0,0,3,9.25,31.25,70.5,12385.51,7885.68,0,,
0,0,0,3,9.25,31.25,89.28,12389.9,7883.84,0,,
0,0,0,3,9.25,31.25,89.28,12389.9,7883.84,0,,
0,0,0,3,15.19,31.25,30.11,12413.49,7916.73,0,,
0,0,0,4,28.01,31.25,34.24,12422.84,7922.2,0,,
0,0,0,4,31.82,31.25,19.2,12423.18,7924.75,0,,
0,0,0,2,38.8,31.25,47.95,12421.5,7930.97,0,,
1,1,0.8,3,11.75,31.25,56.16,12413.72,7897.42,0,,
0,0,0,4,83.32,31.25,57.25,12451.55,7937.3,0,,
1,1,0.8,3,16.72,31.25,21.34,12425.43,7898.68,0,,
2,4,0.8,3,16.06,31.25,178.85,12424.33,7868.86,0,,
2,5,0.8,3,14.31,31.25,32.8,12420.3,7855.18,0,,
1,1,2.7,2,3.28,68.14,41.21,12297.42,7914.41,0,,
2,2,2.7,2,3.37,61.18,22.03,12298.4,7923.05,0,,
2,3,2.2,2,3.19,75.45,53.91,12298.19,7903.79,0,,
1,1,3,3,39.65,31.25,35.14,11262.41,9585.22,0,,
2,1,3,4,34.21,31.25,31.82,11265.04,9588.06,0,,
2,2,3,4,28.48,31.25,16.13,11278.8,9591.55,0,,
1,2,3,4,30.85,31.25,45.36,11283.81,9583.03,0,,
2,2,2.4,3,75.31,31.25,23.59,11284.55,9560.18,0,,
2,2,2.4,3,87.75,31.25,54.99,11285.69,9551.31,0,,
2,2,2.4,3,79.37,31.25,11.28,11293.97,9549.65,0,,
2,2,2.4,3,84.94,31.25,74.64,11295.28,9542.25,0,,
2,2,2.4,3,68.94,31.25,112.35,11299.34,9549.36,0,,
2,2,2.4,3,54.11,31.25,42.6,11306.32,9557.78,0,,
1,1,2.4,3,88.18,31.25,52.66,11298.12,9531.09,0,,
2,2,2.4,3,65.43,31.25,12.44,11307.96,9553.85,0,,
2,2,2.4,3,62.96,31.25,11.29,11310.83,9554.71,0,,
2,2,2.4,4,52.02,31.25,34.06,11318.26,9557.93,0,,
1,1,2.4,4,67.67,31.25,19.83,11315.99,9538.23,0,,
1,1,2.4,4,64.81,31.25,12.25,11325.64,9537.01,0,,
1,1,2.4,4,68.17,31.25,70.33,11327.9,9546.68,0,,
3,3,2.2,5,32.2,31.25,31.84,11352.17,9577.67,0,,
2,2,2.2,6,36.92,31.25,25.46,11364.25,9579.61,0,,
1,1,2.4,3,57.14,31.25,45.35,11334.11,9528.66,0,,
1,1,2.4,3,73.74,31.25,18.75,11345.95,9542.41,0,,
2,2,2.4,3,60.45,31.25,33.7,11348.59,9527.34,0,,
2,2,2.4,3,70.74,31.25,27.52,11352.26,9535.62,0,,
0,0,0,2,88.26,31.25,45.14,11250.42,9991.22,0,,
0,0,0,2,88.26,31.25,34.44,11253.56,9987.2,0,,
0,0,0,2,88.26,31.25,32.2,11246.71,9993,0,,
0,0,0,2,88.26,31.25,55.22,11256.74,9982.42,0,,
1,1,4.4,2,78.04,31.25,43.75,11306.66,9934.87,0,,
1,1,4.4,2,78.04,31.25,7.34,11302.37,9938.69,0,,
2,2,4.4,3,78.04,31.25,47,11325.8,9916.26,0,,
1,1,4.4,3,78.04,31.25,7.11,11297.89,9941.48,0,,
1,1,4.4,3,78.04,31.25,57.02,11305.42,9933.87,0,,
2,2,4.4,1,78.04,31.25,52.42,11351.4,9892.85,0,,
2,2,4.4,2,78.04,31.25,34.1,11340.67,9902,0,,
1,0,0,3,78.04,31.25,9.19,11347.32,9893.79,0,,
3,4,1.6,6,98.86,31.25,47.61,11394.23,9710.9,0,,
0,0,0,1,0.08,209.24,11.28,11319.26,8948.71,0,,
1,1,2.6,1,8.11,22.82,53.58,10514.99,8537.94,0,,
0,0,0,0,8.06,13.87,12.44,10554.35,8453.94,0,,
0,0,0,1,3.21,0.06,20.56,10597.7,8495.35,2,,
0,0,0,1,3.06,0,63.94,10614.88,8501.7,0,,
0,0,0,1,5.5,0.09,21.67,10575.68,8449.57,0,,
1,3,2.7,5,0.73,1.56,132.51,10881.6,9164.58,0,,
1,2,1.8,2,2.76,25.94,283.45,10954.39,9238.22,0,,
2,4,2.9,8,13.27,5.14,57.02,11602.23,8615.82,0,,
2,2,2.8,6,7.7,16.93,157.65,11614.1,8533.16,0,,
2,2,2.8,6,10.63,18.2,20.74,11611.78,8546.86,0,,
3,3,2.8,13,33.63,32.99,115.26,11635.62,8572.37,0,,
3,3,2.1,4,4.49,10.62,186.62,11624.02,8510.77,2,,
2,5,1.7,19,5.26,135.45,49.1,11408.2,9818.47,0,,
3,6,1.4,15,16.31,91.91,47.52,11481.49,9748.78,0,,
6,7,1.4,15,88.01,96.4,272.49,11448.78,9777.47,0,,
4,4,1.4,15,18.81,75.78,174.1,11483.55,9744.3,0,,
3,3,2.7,12,8.38,57.65,216.12,11506.62,9720.93,0,,
1,1,2.7,2,6.17,4.06,101.97,11559.42,8807.35,0,,
2,3,1.6,4,0.68,78.49,321.84,11603.22,8708.1,0,,
3,5,1.5,5,3.03,7.93,120.53,10918.83,8707.53,0,,
2,3,1.5,5,3.69,18.69,137.64,10927.53,8692.31,0,,
1,1,3.6,5,1.16,7.47,57.46,11591.53,9548.06,0,,
3,5,2.6,4,3.03,10.37,102.79,11565.49,9446.72,0,,
2,3,1.6,2,14.88,27.71,391.98,10602.12,9125.19,0,,
2,3,1.6,2,11.17,8.22,260.93,10619.12,9131.23,0,,
1,1,2.5,1,0,0.06,31.68,530.16,3045.32,0,,
0,0,0,2,0,0,29.03,522.65,3052.21,0,,
0,0,0,2,0,0.06,36.69,519.76,3054.85,0,,
0,0,0,5,0,0.09,46.56,539.12,3035.37,0,,
0,0,0,4,0,0.09,60.78,529.18,3045.29,0,,
1,1,2.5,5,0,0.71,53.35,549.13,3026.18,0,,
1,1,2.5,5,0,0.09,62.71,544.58,3030.36,0,,
1,1,2.5,5,0,8.7,70.43,556.93,3018.81,0,,
1,1,2.5,6,0,17.77,35.77,566.47,3009.18,0,,
3,3,2.5,2,0,35.62,125.29,583.99,2994.22,0,,
1,1,2.5,6,0,27.88,90.99,575.57,3000.83,0,,
1,1,2.5,6,0,26.08,12.9,576.31,2999.37,0,,
3,3,2.5,6,0,31.15,123.38,603.56,2973.12,0,,
0,0,0,0,0,0.09,25.39,912.17,2737.03,0,,
0,0,0,0,0,0.06,43.32,928.1,2714.49,0,,
0,0,0,0,0.88,0.06,25.72,944.26,2693.25,0,,
0,0,0,0,0,0.06,33.87,979.89,2676.78,0,,
0,0,0,0,1.51,0.06,59.82,949.48,2680.83,0,,
0,0,0,0,1.62,0.06,42.34,928.05,2686.65,0,,
0,0,0,0,0,0,38.3,994.67,2659.71,0,,
0,0,0,0,22.53,3.44,215.28,598.5,2982.28,0,,
0,0,0,0,22.69,0.06,88.56,615.47,2967.26,0,,
0,0,0,0,3.97,0.09,91.8,646.67,2947.06,0,,
0,0,0,0,0.51,1.35,96.47,668.34,2931.53,0,,
0,0,0,0,9.86,0.09,121.18,656.75,2934.04,0,,
0,0,0,1,0.45,6.84,108.04,682.86,2915.78,0,,
0,0,0,2,13.98,20.62,29.15,691.11,2893.64,0,,
0,0,0,4,12.72,36.9,58.97,710.62,2870.06,0,,
0,0,0,2,0,0.06,27.16,1194.29,2531.38,0,,
0,0,0,3,0,0.06,52.42,1188.78,2531.36,0,,
0,0,0,3,0,0,12.44,1190.35,2526.26,0,,
0,0,0,0,0.94,0.09,61.56,1270.65,2464.46,0,,
0,0,0,0,0.92,0,66.87,1273.08,2455.15,0,,
0,0,0,2,0.8,0.06,112.69,1261.01,2450.8,0,,
0,0,0,3,13.11,92.89,57.14,1005.27,2683.22,0,,
1,1,2.5,3,21.02,75.42,108.69,1004.04,2674.67,0,,
1,1,2.5,4,16.77,14.69,23.8,983.34,2665.48,0,,
0,0,0,3,6.51,100.57,45.96,1031.11,2658.65,0,,
1,3,2.1,4,11.81,76.3,9.72,1034.75,2637.58,0,,
4,5,2.1,4,12.49,29.75,22.58,1011.47,2636.93,0,,
2,2,2.9,4,0,46.19,12.05,1819.76,2162.81,0,,
2,2,2.9,4,1.38,37.76,12.1,1801.89,2148.34,0,,
1,1,2.9,4,4.16,33.12,28.51,1793.34,2139.22,0,,
0,2,2,3,19.59,0.69,56.92,1804.74,2091.35,0,,
1,1,2.2,2,7,0.06,41.47,1738.52,2059.58,0,,
1,1,2.2,2,7.03,0.06,82.05,1734.45,2052.54,0,,
0,0,0,0,0,0.06,50.8,1845.13,2093.84,0,,
1,1,2.9,0,0,0.06,27.71,1812.83,2005.28,0,,
1,1,14,2,0,219.42,102.79,1877.69,1979.91,0,,
0,0,0,2,0,208.18,34.73,1865.9,1969.24,0,,
1,1,14,2,0,212.57,26.01,1870.94,1972.89,0,,
1,1,14,2,0,201.94,31.1,1859.78,1962.95,0,,
1,1,6.7,7,0,158.38,44.35,1813.75,1918.74,0,,
4,5,3.1,3,0,186.34,40.78,1844.56,1946.92,0,,
3,5,3.1,6,0,167.85,49.77,1825.72,1928.88,0,,
1,1,6.7,10,0,145.33,147,1801.83,1906.16,0,,
4,5,3.1,4,0,178.06,21.31,1836.25,1937.13,0,,
3,4,3.1,9,0,154.01,24.15,1812.07,1914.88,0,,
4,5,3.1,8,0,156.58,58.62,1814.77,1915.78,0,,
1,1,9.9,11,0,129.23,77.11,1786.82,1890.32,0,,
3,5,3.1,5,0,169.05,15.18,1825.79,1925.38,0,,
4,5,3.1,8,0,156.58,58.62,1814.77,1915.78,0,,
4,5,3.1,8,0,148.33,39.51,1805.73,1905.97,0,,
3,3,6.7,11,0,135.25,73.58,1793.33,1894.35,0,,
4,4,3.1,8,0,150.18,50.69,1806.68,1906.33,0,,
3,2,3.1,8,0,151.23,48.44,1806.44,1905.45,0,,
1,1,9.9,11,0,130.57,59.73,1788.08,1888.58,0,,
1,1,9.9,10,0,136.99,22.44,1793.14,1892.76,0,,
0,0,0,0,0.86,0.06,37.38,1537.04,2106.44,0,,
0,0,0,1,2.46,0,7.26,1515.66,2082.21,0,,
0,0,0,0,0.66,0.06,57.89,1468.84,2247.44,0,,
0,0,0,0,0.57,0.06,47.17,1493.46,2215.63,0,,
0,0,0,0,0.5,0.09,33.57,1462.11,2198.35,0,,
0,0,0,0,0.53,0.09,43.56,1452.6,2184.1,0,,
0,0,0,1,23.06,0.06,110.07,1077.43,2528.63,0,,
0,0,0,1,10.44,12.14,68.54,1137.11,2481.61,0,,
1,1,2.6,2,9.61,18.97,31.44,1146.88,2471.24,0,,
0,0,0,1,0,0.06,35.68,1400.16,2048.68,0,,
1,1,4.1,2,0,0,29.95,1370.11,2016.54,0,,
2,3,2.7,5,3.86,9.23,47,1318.82,1992.32,0,,
2,2,2.7,9,8.56,13.76,90.84,1293,1963.36,0,,
0,0,0,1,5.47,2.03,29.76,1334.03,1647.49,0,,
1,1,2.3,1,4.57,0.06,39.69,1362.01,1641.22,2,,
1,1,2.3,1,4.62,0.09,18.65,1352.51,1636.24,0,,
2,2,2.3,1,4.57,0,56.91,1343.84,1631.39,0,,
2,2,2.3,1,4.58,0.09,19.48,1340.97,1630.33,0,,
1,1,3.1,1,4.91,0,48.73,1336.63,1635.58,2,,
1,1,3.1,1,4.97,0.06,42.34,1314.1,1627.9,0,,
1,1,1.5,1,1.6,0.06,23.53,1290.2,1560.43,0,,
1,1,3.4,1,7.98,31.25,43.55,1452.6,1561.01,0,,
1,1,3.4,0,6.59,31.25,68.56,1466.99,1573.15,0,,
1,1,3.4,1,7.03,31.25,20.79,1455.05,1562.31,0,,
1,1,3.4,2,7.17,31.25,109.08,1431.65,1540.15,0,,
0,0,0,0,2.9,31.25,22.81,1461.45,1566.75,0,,
0,0,0,0,0.52,31.25,20.74,1462.76,1567.43,0,,
0,0,0,0,0.1,31.25,30.96,1466.1,1569.44,0,,
0,0,0,2,1.38,31.25,77.41,1440.43,1544.27,0,,
0,0,0,3,1.44,31.25,25.17,1414.59,1518.2,0,,
0,0,0,3,1.34,31.25,30.64,1400.98,1505.06,0,,
1,1,4.4,4,5.84,31.25,7.11,1377.41,1483.18,0,,
0,0,0,3,1.34,31.25,30.64,1400.98,1505.06,0,,
2,2,3.9,4,8.19,0.09,64.84,1436.08,1547.14,0,,
3,3,3.8,4,8.64,3.96,18.65,1418.56,1529.66,0,,
2,2,2.6,3,10.24,35.14,43.96,1455.83,1562.39,0,,
4,5,1.7,3,9.18,60.79,35.68,1470.63,1574.92,0,,
4,5,1.7,3,9.43,53.89,19.63,1466.88,1571.79,0,,
3,3,3.8,4,13.58,24.22,75.6,1439.04,1545.94,0,,
3,3,3.8,4,14.34,15.33,15.16,1430.84,1538.58,0,,
3,3,1.7,4,14.02,43.91,33.78,1446.95,1551.91,0,,
2,3,1.7,4,13.4,81.72,42.68,1473.36,1575.15,0,,
2,3,1.7,4,18.72,74.47,15.55,1461.56,1563.61,0,,
3,3,1.7,4,15.86,54.51,33.26,1450.58,1554.48,0,,
3,3,1.7,4,19.43,63.73,31.8,1437.92,1540.56,2,,
1,1,3.8,4,15.04,49.11,63.39,1408.09,1512.83,0,,
2,2,3.2,3,12.46,47.9,20.16,1399.61,1504.93,0,,
1,1,3.8,4,18.28,60.19,72.58,1412.73,1516.07,0,,
1,1,3.2,4,19.4,58.03,8.77,1413.18,1515.44,0,,
0,0,0,3,1.34,31.25,30.64,1400.98,1505.06,0,,
2,2,9.3,2,0,38.82,36.63,1342,1424,0,,
2,2,9.3,2,0,33.76,5.14,1338.24,1420.68,0,,
2,2,9.3,2,0,38.53,28.51,1338.7,1420.24,0,,
2,2,9.3,2,0,32.04,53.45,1330.57,1412.25,0,,
2,2,9.3,2,0,31.1,65.43,1326.11,1407.39,0,,
2,2,9.3,2,0,33.29,24.21,1324.5,1405.2,0,,
2,2,9.3,2,0,29.88,30.46,1317.81,1398.46,0,,
2,2,9.3,2,0,22.08,116.63,1308.49,1389.7,0,,
1,1,10.7,2,0,24.49,116.64,1293.34,1373.89,0,,
2,2,10.5,3,0,29.24,111.15,1277.53,1357.84,0,,
2,2,10.5,4,0.05,36.14,146.38,1268.91,1348.59,0,,
2,2,10.5,4,0.05,40.03,50.54,1261.18,1340.77,0,,
2,2,10.5,4,0.05,44.27,85.36,1256.15,1335.5,0,,
2,2,10.5,5,0.04,50.33,52.88,1250.52,1329.44,0,,
2,2,10.5,6,0.04,51.01,67.54,1244.91,1324.33,0,,
0,0,0,0,0.6,42.35,9.6,1249.83,1385.14,0,,
0,0,0,0,0.59,40.01,11.06,1249.98,1384.93,0,,
0,0,0,0,0.86,1.37,5.88,1275.93,1403.74,0,,
0,0,0,0,0.79,1.82,60.48,1267.91,1396.2,0,,
0,0,0,0,0.74,5.87,14.76,1257.06,1386.45,0,,
0,0,0,10,49.31,62.96,149.33,1180.73,1775.5,0,,
0,0,0,1,10.36,0.09,14.04,1646.3,1913.34,0,,
1,1,1.7,1,9.13,0.06,8.64,1623.86,1904.7,0,,
0,0,0,2,1.09,0.06,49.39,993.78,2846.54,0,,
0,0,0,2,0.99,0.06,16.53,957.86,2856.01,0,,
0,0,0,3,1.06,0.06,57.66,968.17,2838.97,0,,
0,0,0,4,1.04,0,62.73,945.83,2838.17,0,,
0,0,0,4,0.12,0.06,26.96,981.09,2810.39,0,,
0,0,0,3,0.12,0.09,26.71,1002.96,2791.82,0,,
1,1,0.8,3,0.12,7.05,53.58,1003.19,2771.77,0,,
2,2,2.4,4,0,39.92,42.12,1130.99,1584.7,2,,
1,1,1.9,2,0,5.68,25.98,946.83,1102.71,0,,
1,1,1.9,2,0,5.44,69.26,939.4,1092.81,2,,
0,1,1.9,1,0,0.09,45.03,927.14,1074.22,2,,
1,1,1.9,2,0,8.38,50.37,918.15,1069.09,0,,
1,1,1.9,1,0,0,54.72,916.37,1063.13,0,,
0,0,0,2,0,0.09,19.48,898.47,1050.59,2,,
0,0,0,4,1.27,0.06,72.58,946.61,1042.44,0,,
0,0,0,2,2.85,0.09,41.28,910.8,1011.37,0,,
1,3,4.2,2,0,30.05,50.8,989.4,1078.3,0,,
1,3,4.2,3,0,29.57,88.73,984.44,1073.09,0,,
1,3,4.2,3,0,30.03,53.28,979.03,1067.23,0,,
1,3,4.2,3,0,25.41,59.88,973.31,1062.09,0,,
0,0,0,4,0.99,1.79,25.4,945.93,1038,2,,
0,0,0,4,0.99,0,91.24,938.21,1030.84,0,,
0,0,0,4,1.14,0.09,58.62,923.31,1018.24,0,,
1,3,4.2,3,0,36.13,21.34,974.49,1061.37,0,,
1,3,4.2,3,0,29.13,80.08,966.14,1053.17,0,,
3,3,4.2,3,0,19.42,26.61,959.41,1047.73,0,,
0,0,0,4,0.88,0.09,224.94,928.99,1020.53,0,,
1,1,3.9,5,0.86,7.19,108.29,914.42,1006.29,0,,
1,1,9.2,4,0.01,13.48,181.58,942.7,1029.9,0,,
1,1,3.9,5,0.77,16.93,112.69,906.92,997.53,0,,
1,1,9.2,4,0,26.84,84.24,940.55,1025.33,0,,
4,4,3.9,4,0.21,16.77,65.43,928.77,1015.49,0,,
3,4,3.9,5,0.25,22.03,95.04,920.73,1007.04,2,,
2,3,1.6,5,1.02,14.12,107.65,884.48,976.44,0,,
1,3,1.6,7,1.36,14.71,35.29,875.58,968.74,0,,
3,4,3.9,5,0.22,25.69,17.58,916.86,1002.87,2,,
3,4,3.9,5,0.53,32.25,92.51,904.49,990.97,0,,
3,3,1.6,6,0.84,23.06,121.62,884.45,974.73,2,,
4,4,1.6,8,1.31,27.56,75.24,864.99,956.96,1,,
3,4,3.9,5,0.59,39.24,104.03,895.2,981.98,0,,
4,4,3.9,6,0.62,40.89,41.21,887.86,974.78,0,,
0,0,0,0,0,0,60.13,914.48,1052.52,2,,
1,1,1.8,2,0,0.06,71.54,926.04,1056.98,1,,
1,1,1.8,2,0,0,29.15,928.74,1057.51,2,,
1,1,1.8,2,0,0.06,69.26,925.31,1055.18,2,,
0,0,0,2,0,0,20.74,917.19,1046.28,0,,
0,0,0,2,0,0.06,21.77,921,1047.9,2,,
2,4,2,9,10.68,19.96,34.56,930.9,2382.21,0,,
2,4,2,10,11.92,18.33,61.69,926.62,2376.07,2,,
3,4,2,10,13.83,23.61,26.63,921.35,2372.64,0,,
1,1,4.3,7,16.08,0.09,1145.76,913.31,2336.5,0,,
1,1,8.2,0,2.57,5.74,49.19,888.77,2392.93,2,,
1,1,8.2,0,7.93,0.06,59.88,881.04,2392.11,0,,
2,2,3.3,0,14,0.06,42.68,877.11,2393.64,0,,
1,1,8.2,0,1.9,0.94,54.19,869.8,2376.6,2,,
1,1,3.3,1,2.24,0,11.29,828.49,2345.56,0,,
1,1,3.3,1,6.17,0.5,70.27,830.3,2351.64,0,,
1,1,3.3,1,1.6,0,33.12,821.03,2339.7,0,,
1,1,3.3,1,5.02,1.34,51.67,808.95,2337.69,2,,
0,0,0,2,13.98,8.25,30.7,809.57,2353.81,0,,
2,2,1.3,2,5.73,0.06,56.48,791.74,2332.35,0,,
2,2,1.3,2,6.87,0.09,64.58,790.06,2334.51,0,,
1,1,2,1,0,0.06,61.78,880.32,3076.27,0,,
1,1,2,1,0,0.09,16.72,872.23,3078.88,0,,
1,1,2,1,0,3.06,55.5,863.73,3068.45,0,,
1,1,3.8,2,0,40.18,53.57,861.9,3173.12,0,,
2,2,3.6,3,0,28.57,46.43,846.26,3162.01,0,,
1,1,1.6,1,0,6.19,30.84,876.8,3119.76,0,,
1,1,1.6,2,0,7.38,53.16,870.59,3127.23,0,,
1,1,3.6,3,0,14.15,44.06,836.15,3145.48,0,,
0,0,0,3,0.36,0.94,17.96,821.28,3118.35,0,,
1,1,1.6,0,0,0.06,23.18,869.1,3083.6,0,,
0,0,0,2,0.19,2.5,10.6,821.75,3110.51,0,,
0,0,0,1,0.46,8.03,36.75,814.63,3103.36,0,,
0,0,0,0,0,0.09,23.8,872.29,3072.39,0,,
0,0,0,2,25.3,0.09,23.28,783.97,2868.74,0,,
0,0,0,0,0.04,0.06,17.14,897.78,2706.34,0,,
0,0,0,1,0.28,0,19.7,884.77,2706.84,0,,
0,0,0,1,0.24,0.06,21.34,880.03,2708.51,0,,
0,0,0,1,1.26,0.06,73.61,927.74,2661.1,0,,
0,0,0,2,1.43,0.06,29.81,909.71,2648.72,0,,
1,1,1,0,6.37,0.06,73.79,973.63,2521.85,2,,
1,1,1,0,6.27,0,68.49,969.53,2517.66,2,,
1,1,1,0,5.88,0.06,102.96,965.99,2517.23,0,,
0,1,1,0,6.17,0.06,45.79,961.2,2508.47,2,,
0,1,1,0,5.87,8.18,22.81,950.59,2499.02,2,,
0,1,1,0,5.66,7.74,63.65,945.8,2496.02,2,,
0,1,1,1,5.47,5.23,24.7,942.73,2495.22,2,,
0,0,0,1,4.29,0.06,25.98,513.38,2066.96,0,,
0,0,0,1,3.15,0.06,48.99,520.34,2071.85,0,,
1,1,0,3,11.05,1.93,13.78,515.02,2051.03,0,,
0,2,1.9,3,10.89,16.6,216.58,504.3,2036.09,0,,
0,0,0,1,15.78,38.39,9.36,445.02,1994.3,0,,
1,1,3,3,23.97,2.83,140.62,468.98,1973.86,0,,
0,0,0,0,0,0.06,7,286.15,1369.49,2,,
0,0,0,2,0,0.06,42.6,112.32,1721.22,1,,
1,1,3.4,2,0.31,0.09,57.15,186.97,1770.99,2,,
0,0,0,2,0.02,0.06,25.92,110.24,1716.91,2,,
0,0,0,2,0.07,0.06,43.75,127.82,1723.79,0,,
2,2,2.4,2,0.19,0.06,54.95,129.89,1708.97,1,,
3,3,2.4,3,0.31,12.21,13.82,186.4,1733.57,0,,
3,3,2.4,3,0.32,9.45,68.2,180.19,1724.41,2,,
1,1,2,3,0.1,0.06,18.89,79.84,1633.52,0,,
0,0,0,3,0.1,0.06,34.24,71.18,1605.45,0,,
0,0,0,3,0.1,0.06,39.51,74.91,1617.48,0,,
1,1,2,4,0.11,7.49,30.84,98.84,1634.03,0,,
1,2,2,6,0.12,18.56,58.32,105.11,1643.64,0,,
0,0,0,6,0.1,0.06,79.63,81.4,1604.76,0,,
0,0,0,6,0.1,0,64.63,86.03,1614.4,0,,
0,0,0,6,0.11,0.09,66.46,97.93,1624.39,0,,
0,0,0,6,0.1,0,57.02,88.22,1594.15,0,,
0,0,0,6,0.1,0.09,48.08,90.03,1606.64,0,,
0,0,0,8,0.1,0.09,35.99,97.94,1609.9,0,,
3,3,3.8,7,0.12,14.37,43.32,117.25,1631.86,2,,
0,0,0,6,0.1,0.09,58.85,93.09,1585.49,0,,
0,0,0,8,0.1,0,83.12,102.65,1603.78,0,,
0,0,0,8,0.11,0.06,55.04,112.76,1600.58,0,,
0,0,0,4,0.1,0.06,20.22,103.6,1564.16,0,,
0,0,0,4,0.1,0.06,47,108.44,1561.92,0,,
0,0,0,3,0.12,0.06,54.43,114.54,1538.55,0,,
0,0,0,4,0.1,0.06,31.1,125.76,1549.31,0,,
2,2,2.8,5,0.1,0.06,57.02,126.94,1556.01,0,,
0,0,0,6,0.1,0,21.77,126.94,1560.84,0,,
3,4,2.8,5,0.11,0.06,89.71,138.89,1544.71,0,,
1,1,2.4,0,0,0.06,54,232.68,1409.24,0,,
1,1,2.4,2,0,0.09,53.61,226.69,1422.17,0,,
1,1,2.4,0,0,0,82.94,241.92,1401.47,0,,
0,0,0,4,0,0,19.58,271.94,1393.71,0,,
0,0,0,0,0,0.06,7,286.15,1369.49,0,,
1,5,1.6,4,1.13,35.93,247.41,315.7,1321.56,0,,
1,5,1.6,4,1.11,33.09,297.79,317.89,1319.69,0,,
2,5,1.6,4,1.08,28.07,268.65,321.24,1317.11,0,,
2,5,1.6,5,1.07,23.13,241.92,324.63,1314.54,0,,
2,5,1.6,5,1.08,20.81,248.44,326.57,1312.91,0,,
2,3,1.6,5,1.36,13.56,45.03,322.25,1324.19,0,,
2,3,1.6,7,1.4,0.75,47.03,334.14,1314.42,0,,
1,1,4.2,4,2.61,29.31,44.67,391.88,1243.5,0,,
1,1,4.2,4,2.55,24.12,29.64,387.38,1248.47,0,,
1,1,4.2,5,2.67,24.74,55.96,396.92,1239.3,0,,
1,1,4.2,4,2.58,20.9,27.88,391.1,1245.29,0,,
1,1,3.6,7,2.82,0,50.4,383.65,1257.41,0,,
1,1,3.6,7,2.15,0.06,95.04,376.17,1267.42,0,,
3,3,3.6,6,2.86,5.06,51.41,395.14,1244.85,0,,
3,3,3.6,8,2.91,0,56.91,390.08,1251.47,0,,
1,1,3.6,7,2.62,0.06,87.55,379.92,1265.53,0,,
3,3,3.6,5,3.08,9.79,62.15,404.23,1236.98,0,,
2,2,1.3,7,0.79,0.09,64.41,469.15,1165.25,0,,
2,2,2.9,10,0.76,2.06,46.27,452.77,1180.99,0,,
1,1,3.1,8,0.73,0,53.57,427.39,1208.46,2,,
1,1,3.1,8,0.84,0,21.77,418.96,1217.23,2,,
2,3,2.8,10,0.67,0,30.41,435.53,1200.44,2,,
2,2,1.3,11,0.65,0,37.09,472.39,1161.38,2,,
2,3,2.8,11,0.65,7.97,13.82,460.28,1174.01,2,,
0,0,0,3,0,0.06,30.96,425.95,1208.07,0,,
0,0,0,3,0.66,0,55.12,465.19,1168.57,0,,
1,1,0,4,0.62,0.06,72.58,454.12,1180.11,0,,
1,2,2.9,5,0.61,0.06,70.76,450.5,1184.28,0,,
0,0,0,3,0.67,0,57.02,474.13,1159.62,0,,
0,0,0,4,0.64,0.06,47.58,470.35,1163.55,2,,
0,0,0,4,0.62,0.09,43.33,466.61,1167.58,2,,
1,1,0,5,0.6,0.06,30.33,470.23,1164.41,2,,
1,2,2.9,5,0.59,0,12.04,465.58,1169.71,2,,
2,2,2.9,7,0.66,10.52,45.16,486.18,1151.86,2,,
0,0,0,2,0,0.06,44.35,571.57,1020.54,2,,
2,2,2.1,3,0,6.09,26.44,578.21,1045.28,0,,
2,2,2.1,3,0,0.09,37.4,568.57,1033.86,0,,
2,2,2.1,3,0,2.58,70.5,558.21,1025.89,0,,
2,2,2.1,4,0.01,17.62,22.98,557.94,1032.23,0,,
2,2,2.1,5,0,26.34,75.17,568.17,1045.62,0,,
3,3,1.6,3,0,0.09,34.52,548.56,1008.93,0,,
3,3,1.6,4,0,3.31,38.81,549.98,1016.56,0,,
3,3,1.6,3,0,0.09,36.94,541.11,1001.63,0,,
3,3,1.6,4,0.46,17.51,77.11,545.39,1018.64,0,,
1,1,4.9,5,0.48,48.36,122.43,553.24,1038.96,0,,
1,1,2,5,0.72,33.1,601.47,519.77,1002.88,0,,
1,1,3.3,0,13.83,28.38,61.4,446.21,1244.55,0,,
1,1,3.3,0,18.41,42.06,90.33,442.28,1255.33,0,,
1,1,3.3,0,14.38,18.88,63.24,454.92,1232.48,0,,
1,1,3.3,0,17.03,27.48,56.91,452.5,1239.29,0,,
1,1,3.3,2,25.41,46.58,85.28,447.09,1254.65,0,,
1,1,3.3,1,20.99,21.76,65.32,465.42,1225.04,0,,
1,1,3.3,4,6.55,0.06,38.16,487.47,1182.58,0,,
1,1,3.3,4,6.41,0.09,43.5,492.42,1177.24,0,,
2,2,2.8,4,11.28,0,65.15,497.46,1176.93,0,,
2,2,2.8,4,15.6,0,36.75,492.2,1184.99,0,,
2,2,2.8,4,19.4,1.05,37.76,493.65,1185.51,0,,
1,1,4.2,3,49.23,35.01,16.96,471.89,1243.24,0,,
1,1,3.3,6,41.13,28.18,8.87,492.3,1205.63,0,,
1,1,3.3,7,41.21,33.5,11.49,489.44,1210.67,0,,
1,1,3.3,8,47.01,30.03,8.35,500.29,1201.07,0,,
1,1,2.2,1,0,28.3,46.79,433.78,819.46,2,,
0,0,0,0,0,0,23.04,432.84,864.69,2,,
0,0,0,1,0,13.54,30.84,424.9,826.33,2,,
1,1,2.2,1,0,39.93,13.22,416.91,802.79,2,,
1,3,1.1,1,0,12.94,36.53,366.68,769.44,0,,
0,2,1.1,1,0,16,42.48,360.43,762.17,2,,
0,2,1.1,1,0,4.67,29.03,358.04,768.07,2,,
0,0,0,1,0,38.07,279.24,389.88,781.24,0,,
0,0,0,1,0.14,29.64,364.77,386.51,787.76,0,,
0,0,0,1,0,12.38,264.38,358.86,758.08,0,,
3,3,2.3,2,0.73,34.62,43.5,350.66,789.34,2,,
1,1,2.8,2,0.26,24.71,33.16,332.74,770.23,2,,
0,0,0,1,95.89,4.81,166.52,188,518.47,0,,
0,0,0,3,93.63,0.62,160.7,178.85,527.27,0,,
0,0,0,4,91.95,0.09,153.72,170.02,536.79,0,,
0,0,0,5,89.38,0.09,129.1,162.25,545.84,0,,
0,0,0,4,83.97,6.9,369.1,163.96,493.59,0,,
0,0,0,4,82.65,1.64,374.23,153.35,502.87,0,,
1,1,1.6,5,83.65,0.09,265.32,146,516.35,0,,
3,3,2.9,6,65.04,4.38,21.43,98.85,577.05,2,,
3,8,1.6,5,73.58,0.06,7.29,101.54,544.55,0,,
1,1,1.6,5,68.53,1.09,69.81,116.81,509.85,0,,
4,3,1.6,6,64.63,0.09,40.62,106.96,512.22,2,,
0,0,0,5,59.73,9.99,87.48,118.16,489.37,0,,
0,0,0,6,53.91,28.45,57.02,124.25,471.5,2,,
0,0,0,6,49.77,25.3,67.56,112.74,478.47,0,,
1,1,3.6,5,48.74,31.02,25.39,122.57,465.79,0,,
0,0,0,3,0,31.25,25.72,65.08,338.47,2,,
0,0,0,2,0,31.25,169.65,109.78,304.17,0,,
0,0,0,2,0,31.25,27.72,91.87,312.31,0,,
0,0,0,2,0,31.25,71.06,97.44,307.72,0,,
1,1,8.3,2,0,31.25,15.32,94.87,283.36,0,,
1,1,8.5,4,0,31.25,97.78,33.53,296.19,0,,
2,2,4.2,4,0,31.25,67.28,25.18,288.45,0,,
2,2,4.2,5,0,31.25,130.72,6.97,298.87,0,,
3,5,4,3,93.75,31.25,118.8,70.22,258.95,0,,
3,5,4,3,93.75,31.25,375.38,65.67,262.65,0,,
3,5,4,3,93.75,31.25,180.58,48.98,267.66,0,,
3,3,4,4,62.83,31.25,790.27,49.89,250.73,0,,
2,2,4,3,93.75,31.25,752.54,36.35,223.46,0,,
0,0,0,2,93.75,31.25,263.3,27.64,214.69,0,,
0,0,0,0,37.61,31.25,65.43,270.13,463.59,0,,
0,0,0,0,37.61,31.25,165.6,265.79,448.59,0,,
1,1,2.7,5,15.23,31.25,16.63,183.16,406.38,0,,
1,1,1.7,0,0,31.25,157.25,225.33,395.53,0,,
2,3,1.7,1,3.4,31.25,83.2,218.39,392.68,0,,
0,0,0,5,13.05,31.25,7.86,165.2,392,0,,
2,3,1.7,2,0,31.25,75.51,206.67,382.16,0,,
3,3,3.3,7,0.9,31.25,166.23,146.26,373.4,0,,
3,3,3.6,10,96.73,31.25,106.2,102.67,179.54,0,,
3,3,3.6,12,96.73,31.25,29.38,105.92,168.63,0,,
1,1,4.9,13,96.73,31.25,112.28,104.09,161.29,0,,
2,2,5.3,13,96.74,31.25,201.8,102.71,140.92,0,,
2,5,2,16,98.75,31.25,157.59,124.86,130.28,0,,
0,0,0,12,98.94,31.25,367.63,170.49,164.44,0,,
4,6,2,15,98.94,31.25,95.39,129.29,125.5,0,,
3,3,3.5,12,98.94,31.25,205.46,149.73,142.14,0,,
1,1,5.3,3,7.8,31.25,65.52,46.05,175.94,0,,
2,2,5.3,3,19.56,31.25,60.65,41.77,171.16,0,,
3,3,5.3,3,38.31,31.25,223.17,29.28,168.78,0,,
4,5,4.4,4,41.45,31.25,114.51,49.33,148.93,0,,
3,3,5.3,4,50.9,31.25,211.46,43.98,150.07,0,,
1,1,4.4,4,0,31.25,449.7,117.74,127.42,0,,
4,4,2.1,5,95.84,31.25,233.27,156.94,182.34,0,,
2,2,2.1,5,54.32,31.25,418.06,132.32,168.05,0,,
1,1,5.3,2,87.99,31.25,25.04,181.49,223.68,0,,
0,0,0,0,0.5,0,11.4,430.29,1576.06,0,,
0,0,0,0,0.38,0,18.43,438.57,1586.87,0,,
0,0,0,0,0.49,0.06,6.57,433.78,1572.7,0,,
0,0,0,0,0.48,0.06,21.08,438.69,1583.46,0,,
0,0,0,0,1.38,0.06,29.72,462.67,1563.61,0,,
1,1,3.4,1,1.18,0.63,6.68,479.77,1580.33,0,,
0,0,0,0,1.73,0.09,33.16,441.8,1508.92,0,,
1,1,3.4,1,1.29,3.64,26.61,486.31,1581.01,0,,
0,0,0,1,1.69,0,55.12,272.79,1710.8,0,,
2,2,2.9,1,0.87,7.95,35.77,315.64,1702.11,0,,
1,1,3.7,1,0.14,17.98,37.77,267.82,1654.79,0,,
1,1,3.7,1,0.73,11.96,16.59,277.08,1663.05,0,,
2,2,2.9,1,0.65,5.66,20.28,315.61,1698.03,0,,
1,1,3.7,1,0.47,10.41,41.07,277.86,1661.17,0,,
1,1,1.9,3,0.72,0.06,3.89,472.49,1873.16,0,,
2,3,1.2,3,0.75,0.09,45.03,467.14,1859.45,0,,
2,3,1.2,3,0.75,5.29,30.96,469.65,1852.7,0,,
3,4,1.2,3,0.73,9.76,7.78,473.45,1851.83,0,,
3,4,1.2,7,0.78,0.09,6.96,492.09,1834.95,0,,
3,4,1.2,7,0.73,0.06,16.85,495.24,1842.61,0,,
3,4,1.2,7,1.06,0.09,11.16,498.18,1841.56,0,,
3,4,1.2,7,0.86,0.06,26.96,488.3,1825.61,0,,
3,4,1.2,7,0.78,0,23.85,496.42,1834.72,0,,
2,2,1.2,5,1.1,4.84,43.92,478.67,1808.86,0,,
2,3,2.1,7,1.09,0.06,12.99,507.61,1823.62,0,,
2,3,2.1,7,1.16,0.06,4.64,507.08,1820.82,0,,
1,1,4.4,1,40.85,6.28,51.32,772.72,2341.34,0,,
1,1,4.4,1,38.82,7.18,72.23,764.6,2327.26,0,,
0,0,0,0,38.56,0.06,41.13,721.77,2290.44,0,,
0,0,0,0,39.9,0.06,54.03,727.43,2292.78,0,,
0,0,0,0,33.66,0.09,18.53,718.91,2283.15,0,,
0,0,0,0,34.08,0,31.8,721.37,2284.3,0,,
0,0,0,0,28.99,0,9.68,713.5,2276.76,0,,
0,0,0,0,29.35,0,35.94,714.04,2274.68,0,,
0,0,0,2,18.29,0.06,20.22,701.95,2413.47,0,,
0,0,0,2,15.75,0.09,34.57,722.26,2394.9,0,,
1,1,2.6,4,17.21,0.06,50.95,722.13,2397.6,0,,
1,1,2.6,4,16.36,0.06,41.96,731.36,2389.02,0,,
0,0,0,2,4.46,0,5.18,622.85,1770.44,0,,
0,0,0,2,3.64,0.09,280.44,624.35,1756.26,0,,
0,0,0,1,2.78,0,30.24,616.41,1718.64,0,,
0,0,0,1,2.75,0.06,95.39,625.3,1722.25,0,,
1,1,3.1,1,1.52,0.06,20.04,651.06,1699.51,0,,
1,1,3.1,1,0,3.81,29.16,648.58,1675.93,0,,
2,2,3.5,2,81,41.9,53.61,490.82,1350.96,0,,
3,3,3.5,3,40.06,87.73,56.07,521.25,1300.91,0,,
3,3,3.5,3,39.63,84.93,77.62,529.63,1297.82,0,,
1,1,4,3,23.16,41.26,46.56,559.65,1322.24,0,,
0,0,0,0,0,46.01,40.32,771.67,908.18,0,,
1,1,2.5,0,0,23.51,55.96,749.82,888.7,0,,
0,1,0.7,0,0,37.39,76.49,784.06,914.46,0,,
1,1,2.5,0,0,0,55.64,718.26,850.53,0,,
1,1,2.5,0,0,0.09,94.39,711.01,844.51,0,,
1,1,2.5,0,0,0.06,35.42,710.2,845.74,0,,
1,1,2.5,0,0,0.06,33.26,724.7,855.15,0,,
1,1,2.5,0,0,0.06,21.72,709.62,840.83,0,,
0,0,0,0,0,0,35.77,736.57,858.24,0,,
0,0,0,0,0,0.09,77.69,720.08,844.43,0,,
0,0,0,0,0,0,38.71,712.43,837.54,0,,
0,0,0,0,0,0,38.71,732.36,852.72,0,,
0,0,0,0,0,0.06,10.66,786.06,893.6,2,,
0,0,0,0,0,0.06,49.54,784.08,890.42,0,,
0,0,0,0,0,0.06,54.17,779.6,885.11,0,,
0,0,0,0,0,0,20.56,773.21,880.57,2,,
0,0,0,3,0.66,1.43,116.01,742.05,850.56,0,,
1,1,4.3,3,0,7.19,74.52,745.37,851.24,2,,
0,0,0,0,0,0.06,79.46,794.77,892.09,1,,
0,0,0,0,0,0.06,117.85,783.41,880.28,1,,
1,1,4.3,4,0,6.84,31.29,737.39,841.52,2,,
1,1,6.3,2,0,0.06,136.89,772.16,868.48,1,,
1,1,6.3,3,0,0.09,110.81,755.89,853.62,1,,
0,0,0,3,0,0.06,115.17,752.09,851.9,1,,
1,1,6.3,2,0,4.56,124.32,756.6,851.47,1,,
1,1,6.3,3,0,5.3,137.59,740.25,834.53,1,,
1,1,12.1,3,5.11,11.56,59.1,788.12,867.8,2,,
1,1,12.1,3,4.48,33.52,135.43,793.76,868.17,0,,
1,1,12.1,3,1.31,22.27,133.42,771.26,847.27,2,,
1,1,3.4,2,0.5,0,38.02,800.63,1145.73,2,,
1,1,3.4,2,0.46,0,33.12,807.41,1135.23,2,,
1,1,3.4,2,0.41,0.06,33.7,814.13,1117.53,2,,
1,1,3.4,2,0.43,0.06,26.21,801.82,1124.77,2,,
1,1,3.4,2,0.4,0.06,44.18,801.1,1114.56,2,,
0,0,0,0,0,1.38,13.58,796.29,1071.95,0,,
0,0,0,0,0.09,0,35.48,799.43,1076.96,2,,
0,0,0,0,0.03,0.06,35.19,791.21,1071.66,0,,
0,0,0,4,0,0.09,45.03,730.37,1254.47,0,,
0,0,0,7,0,0.09,72.36,753.01,1217.15,2,,
0,0,0,0,2.85,0.06,57.97,265.62,1737.02,0,,
0,0,0,1,3.21,0.06,35.28,263.23,1746.79,0,,
0,0,0,0,1.35,0.09,45.14,259.99,1707.77,0,,
0,0,0,0,0.17,0.06,50.54,271.04,1671.32,0,,
0,0,0,0,0.15,0.06,29.64,253.19,1680.08,0,,
0,0,0,0,0.15,0.06,23.53,248.44,1685.99,0,,
0,0,0,2,0.15,0.09,6.96,234.83,1677.35,0,,
0,0,0,3,0.15,0.09,26.05,231.77,1653.79,0,,
0,0,0,3,0.15,0,78.8,220.86,1647.34,0,,
0,0,0,0,6.91,0,35.94,380.11,1963.93,2,,
0,0,0,0,6.36,0.09,8.28,334.08,1900.89,2,,
0,0,0,0,0,0.09,52.66,761.32,2314.48,2,,
0,0,0,0,0,11.33,34.68,764.86,2331.82,0,,
0,0,0,0,0,8.13,52.56,746.26,2310.37,0,,
0,0,0,0,0,1.56,66.57,745.06,2312.6,0,,
0,0,0,0,0,0,58.46,731.45,2293.93,0,,
0,0,0,0,0,0.06,61.69,681.11,2253.94,2,,
0,0,0,0,0,0,60.48,678.63,2256.15,2,,
0,0,0,0,0,0,64.51,681.79,2265.06,0,,
0,0,0,0,0,0.06,49.28,669.97,2252.44,2,,
0,0,0,0,0.46,0.06,387.04,425.29,509.97,0,,
0,0,0,3,0.39,0.06,68.75,460.15,530.78,2,,
0,0,0,3,0.39,0.06,212.28,446.33,519.97,0,,
0,0,0,3,0.38,0.09,42.64,467.71,536.45,2,,
0,0,0,3,0.38,0,58.92,461.87,530.42,2,,
0,0,0,4,0.37,0.09,239.11,445.19,514.05,0,,
0,0,0,3,0.43,0.09,29.82,400.2,479.68,0,,
0,0,0,4,0.38,6.19,59.53,411.03,483.61,0,,
0,0,0,4,0.39,0.09,78.41,402.14,475.64,0,,
1,1,7,3,0.49,0.09,72.53,369.61,450.05,0,,
1,1,7.1,4,0.33,0.06,24.62,453.49,513.23,0,,
1,1,7.1,4,0.32,0.09,41.98,447.59,506.2,0,,
0,0,0,0,30.56,6.25,26.73,742.33,2683.63,0,,
0,0,0,5,28.42,9.19,64.8,732.05,2686.25,0,,
0,0,0,5,27.14,0.06,43.92,731.16,2666.92,0,,
1,1,1.3,0,18.98,0,40.44,773.45,2394.44,0,,
1,1,1.3,0,18.75,0.06,53.86,764.45,2385.16,0,,
1,1,1.3,1,16.78,0.06,49.25,767.39,2389.8,0,,
1,1,1.3,0,17.24,0.06,77.76,755.81,2377.03,0,,
1,1,1.3,0,16.23,0.06,41.04,753.2,2375.21,0,,
1,1,1.3,0,16.24,0.06,52.68,743.98,2365.27,0,,
0,0,0,0,22.91,0,27.65,718.94,2333.92,0,,
0,0,0,0,15.72,0.09,45.14,706.19,2327.55,0,,
0,0,0,0,14.13,0,47,701.73,2325.25,0,,
0,0,0,0,19.93,0.09,20.52,670.23,2291.3,0,,
0,0,0,0,18.57,0.09,41.63,673.77,2295.4,0,,
0,0,0,0,15.37,0,36,682.87,2306.8,0,,
0,0,0,2,9.07,0.06,22.58,714.2,2343.27,0,,
0,0,0,0,14.71,0,26.61,682.71,2309.06,0,,
0,0,0,1,13.04,0.06,20.22,684.04,2311.35,0,,
0,0,0,0,24.16,0,65.66,652.11,2272.21,0,,
0,0,0,0,21.57,0.06,7.95,656.19,2277.96,0,,
0,0,0,0,17.72,0.09,94.56,667.33,2291.62,0,,
1,1,5.1,0,15.17,0.06,82.68,515.69,2119.83,0,,
0,0,0,0,8.11,0.06,33.84,462.01,2055.7,0,,
0,0,0,0,10.49,0.06,14.28,462.67,2059.34,0,,
1,1,1,1,0,63.23,26.64,303.38,1575.36,0,,
1,1,1,1,0,67,40.18,306.63,1567.11,0,,
0,1,1,1,0,61.55,24.19,301.32,1569.47,0,,
0,1,1,2,0,52.33,33.18,291.28,1566.04,0,,
0,1,1,2,0,48.26,27.75,287.88,1570.84,0,,
0,1,1,2,0,29.83,108.29,269.66,1576.23,0,,
0,0,0,2,0,73.69,39.28,310.45,1549.75,0,,
1,1,1,2,0,57.94,47.32,295.24,1556.79,0,,
1,1,1,2,0,55.38,35.77,293.27,1560.87,0,,
1,1,1,2,0,44.38,99.2,281.13,1558.44,0,,
1,1,1,1,0,31.88,53.57,264.17,1548.99,0,,
0,0,0,0,0,0.09,43.5,447.26,1386.68,2,,
1,1,4.5,0,0,0,53.57,444.39,1370.1,0,,
1,1,4.5,0,0,0,9.79,433.47,1376.74,0,,
1,1,4.5,0,0,0.09,66.46,434.57,1370.79,2,,
1,1,4.5,0,0,0.06,41.73,444.13,1360.18,0,,
1,1,4.5,0,0,0,35.48,448.23,1350.37,0,,
1,1,4.5,0,0,0.06,17.86,443.83,1350.17,0,,
1,2,2.4,0,0,10.22,13.62,406.9,1369.88,0,,
1,2,2.4,0,0,24.06,8.57,393.13,1372.3,0,,
0,0,0,0,0,0.06,71.57,472.69,1318.41,2,,
0,0,0,0,0,0.06,17.14,476.83,1312.67,2,,
1,1,4.5,0,0,0.06,65.58,424.05,1323.53,2,,
0,0,0,0,0,0,60.83,493.99,1286,0,,
0,0,0,0,0,0.06,10.86,488.83,1287.03,2,,
0,0,0,0,0,0.06,47.58,484.32,1290.27,2,,
0,0,0,0,0,0,40.32,471.2,1293.43,2,,
0,0,0,4,4.31,0,77.93,145.03,3095.98,0,,
0,0,0,5,5.45,0,18.66,121.39,3104.66,0,,
0,0,0,0,4.11,0,85.02,163.61,3062.36,0,,
1,1,3,2,4.65,0.09,21.38,147.27,3077.56,0,,
1,1,3,1,5.29,0,25.46,147.33,3065.13,0,,
1,1,3,1,6.42,0.06,6.68,136.8,3055.81,0,,
1,1,3,4,6.71,0.09,40.25,126.09,3065.55,0,,
1,1,3,2,7.7,9.06,39.08,111.43,3057.69,0,,
1,1,2,0,3.74,13.52,16.63,167.19,2992.09,0,,
1,1,2,3,15.06,0.09,9.37,131.84,3007.24,0,,
1,1,2,2,3.9,0.06,7.11,157.91,2965.7,0,,
1,1,2,3,7.37,0.06,33.03,149.37,2973.02,0,,
1,1,2,3,8.65,0.06,6.36,145.82,2975.66,0,,
1,1,2,5,14.12,0,34.56,133.34,2980.48,0,,
0,0,0,3,1.71,3.81,45.14,165.71,2939.46,0,,
0,0,0,3,2.81,0.06,8.61,160.57,2944.22,0,,
0,0,0,3,2.39,0.44,29.76,162.72,2940.59,0,,
0,0,0,2,7.5,0.06,13.25,339.81,2761.08,0,,
1,1,3.3,2,13.85,0.5,34.21,619.41,1616.33,2,,
0,0,0,1,0,0.06,43.55,272.18,1769.21,2,,
0,0,0,1,0,0.06,52.79,276.22,1752.54,2,,
0,0,0,1,0,0,57.02,264.72,1759.77,2,,
0,0,0,1,0,0.06,55.81,252.07,1753.29,2,,
0,0,0,1,0,0.09,45.03,242.12,1748.59,0,,
0,0,0,1,0,0.06,44.35,252.24,1716.75,2,,
0,0,0,0,0,0.09,26.57,242.47,1702.71,0,,
0,0,0,0,0,0,21.77,232.25,1696.39,0,,
0,0,0,0,0,0.06,35.91,221.25,1688.85,0,,
1,1,3,5,20.11,62.36,33.12,538.26,3306.1,0,,
1,2,4.6,4,8.97,67.9,135.36,505.66,3337.84,0,,
2,3,3,5,24.54,41.34,64.41,525.98,3284.76,0,,
5,6,2.7,5,14.07,56.02,180.79,504.71,3305.58,0,,
2,3,3,5,23.13,16.72,14.57,502.25,3264.07,0,,
0,0,0,4,4.5,26.74,277.3,466.24,3327.07,0,,
2,3,3,5,21.34,12.71,28.64,496.87,3260.7,0,,
1,1,5,2,2.01,0.06,85.68,559.54,3023.73,0,,
1,1,1.4,1,0.11,2.98,72.23,584.07,2981.16,0,,
1,1,1.4,2,0.79,0.09,40.39,569.94,2995.77,0,,
1,1,5,2,2.77,0.06,25,550.67,3009.84,0,,
0,0,0,0,6.21,0,11.29,515.89,3110.5,0,,
0,0,0,0,4.21,0.09,80.94,524.72,3307.84,0,,
0,0,0,0,3.06,0.06,88.65,519.53,3316.6,0,,
0,0,0,0,5.94,0,80.29,523.95,3300.21,0,,
0,0,0,0,3.95,0.06,100.31,510.96,3312.59,0,,
0,0,0,0,8.42,0.09,54.65,523.09,3292.12,0,,
0,0,0,0,11.23,0.06,11.66,521.78,3272.43,0,,
0,0,0,0,11.53,0,75,513.51,3268.29,0,,
0,0,0,1,5.05,10.4,24.08,465.42,3297.97,0,,
0,0,0,0,6.03,12.35,135.85,462.17,3278.05,0,,
0,0,0,0,8.5,24.49,14.75,473.37,3252.75,0,,
0,0,0,0,8.83,19.94,28.93,463.07,3247.67,0,,
0,0,0,3,5.3,134.06,972.1,415.29,3222.97,0,,
0,0,0,3,5.3,110.81,360.17,394.79,3205.52,0,,
1,1,6.5,5,8.89,132.59,91.07,367.75,3251.12,0,,
1,1,6.5,5,5.19,138.39,428.05,358.02,3258.74,0,,
1,1,1.6,3,0,31.25,44.35,1820.36,1927.1,0,,
1,1,1.6,0,0,31.25,54.46,1823.25,1928.57,0,,
0,0,0,0,0,31.25,72.46,1825.62,1926.25,0,,
1,2,0.7,3,0,31.25,47.95,1789.81,1893.24,0,,
1,3,0.7,5,0,31.25,44.93,1779.94,1884.59,0,,
1,1,11.1,0,0,31.25,93.28,1840.32,1939.34,0,,
1,1,11.1,1,0,31.25,33.84,1825.6,1924.8,0,,
0,0,0,1,0,31.25,13.39,1807.71,1908.36,0,,
1,1,11.1,1,0,31.25,84.86,1809.01,1907.43,0,,
1,1,11.1,1,0.14,31.25,21.89,1802.2,1900.51,0,,
2,2,0.7,2,1.03,31.25,13.84,1775.49,1875.9,0,,
0,0,0,0,0,7.85,12.73,1770.71,1895.65,0,,
0,0,0,0,0,15.78,14.23,1768.1,1892.47,0,,
0,0,0,1,0,17.81,44.18,1765.4,1888.46,0,,
0,0,0,4,0.36,16.75,48.69,1751.73,1872.46,0,,
1,1,2.8,3,0.07,0.06,67.74,1777.58,1899.29,0,,
1,1,2.8,4,0.07,12.53,39.66,1794.92,1914.5,0,,
1,1,2.8,3,0.07,0.06,36.69,1779.04,1900.07,0,,
1,1,2.8,5,0.07,8.98,12.1,1789.19,1908.75,0,,
1,1,2.8,5,0.06,15.98,28.43,1791.64,1910.29,0,,
1,1,2.8,5,0.06,0.06,31.05,1763.93,1884.32,0,,
1,1,2.8,6,0.06,11.87,35.68,1774.81,1893.35,0,,
2,2,2.8,7,0.05,20.39,17.63,1772.61,1890.49,0,,
1,2,2.8,7,0.01,24.32,14.77,1769.12,1886.77,0,,
3,4,2.1,7,0,30.85,12.24,1768.37,1885.3,0,,
1,1,2.8,8,0,25.06,124.46,1740.83,1859.42,0,,
1,1,2.8,8,0.06,21.31,25.7,1738.82,1857.92,0,,
0,0,0,3,7.94,94.92,39.01,100533.3,56259.85,0,,
2,2,1.9,5,0,150.81,17.58,100589.4,56319.09,0,,
2,2,1.9,5,0,139.01,36.12,100577.7,56308.93,0,,
1,1,0,6,7.28,91.25,105.18,100526.6,56279.56,0,,
1,1,1.9,6,0,129.6,48.43,100564.4,56313.65,0,,
1,1,0,6,5.98,92.52,282.36,100526.2,56282.61,0,,
2,2,1.9,7,0,129.57,21.89,100562.9,56315.65,0,,
2,3,7.5,7,0.32,119.22,386.6,100549.6,56309.49,0,,
2,5,1.9,7,0,121.39,387.07,100559.1,56320.64,0,,
3,6,1.9,7,0,121.61,468.35,100563.6,56326.1,0,,
0,0,0,0,12.33,5.39,255.47,722.2,2428.36,0,,
0,0,0,0,12.03,12.76,13.22,710.37,2439.14,0,,
0,0,0,0,11.15,12.99,65.32,718.27,2428.78,0,,
1,1,14.5,0,0,44.83,7.92,608.82,728.19,0,,
1,1,14.5,0,0,43.87,111.51,615.26,731.54,0,,
1,1,14.5,0,0,45.5,19.87,612.18,730.24,0,,
1,1,14.5,0,0,41.98,7.92,608.44,726.52,0,,
1,1,14.5,0,0,40.24,41.13,600.3,720.96,2,,