,진입 탈출로 개수,30m 이내 진입 탈출로 개수,최소 도로폭,교차로 개수,침엽수림 비율,산림기준 이격 거리,창문,산불 진화용수 거리,소방서와의 거리,담 유무,산림방향 담 유무,최대 경사도,최소 경사도,주건물 지붕특성,비산거리,불난 후 상태
0,"강원도 고성군 / 속초시, 옥계산불 ver1_1",,,,,,,,,,,,,,,
1,0,0.0,0.0,2.0,0.0,0.06,25.57,42.68,1.85,0.0,,,,1.0,1.0,2.0
2,0,0.0,0.0,1.0,0.0,0.06,40.61,42.69,1.85,0.0,,,,1.0,0.0,0.0
3,0,0.0,0.0,3.0,0.0,0.06,12.96,42.65,1.82,0.0,,,,1.0,0.0,2.0
4,0,0.0,0.0,3.0,0.0,0.06,52.7,42.66,1.83,0.0,,,,1.0,1.0,2.0
5,0,0.0,0.0,4.0,0.0,10.97,41.96,42.64,1.81,0.0,,,,1.0,0.0,2.0
6,0,0.0,0.0,4.0,0.0,15.57,8.94,42.64,1.8,0.0,,,,1.0,0.0,2.0
7,2,2.0,1.6,0.0,18.65,171.42,37.45,42.72,1.9,0.0,,,,1.0,0.0,2.0
8,2,2.0,1.6,0.0,17.8,168.64,48.08,42.71,1.89,0.0,,,,1.0,0.0,2.0
9,2,2.0,1.6,0.0,15.85,166.47,38.19,42.72,1.89,0.0,,,,1.0,0.0,2.0
10,2,2.0,1.6,1.0,2.94,103.59,48.05,42.71,1.87,0.0,,,,0.0,0.0,0.0
11,0,0.0,0.0,1.0,0.0,15.85,87.55,42.19,1.39,0.0,,,,0.0,1.0,2.0
12,0,0.0,0.0,1.0,0.0,6.38,4.92,42.19,1.4,0.0,,,,1.0,0.0,2.0
13,1,1.0,1.1,1.0,0.82,0.0,9.68,42.21,1.43,0.0,,,,1.0,1.0,2.0
14,1,1.0,7.7,7.0,1.3,1.94,388.8,41.89,1.06,0.0,,,,1.0,1.0,0.0
15,2,2.0,1.6,7.0,0.88,22.3,15.72,41.91,1.08,0.0,,,,1.0,0.0,0.0
16,2,2.0,1.6,7.0,0.9,18.95,19.87,41.91,1.08,0.0,,,,1.0,1.0,0.0
17,2,3.0,1.6,6.0,0.8,26.35,24.19,41.91,1.09,0.0,,,,1.0,0.0,0.0
18,2,2.0,1.6,7.0,0.9,9.59,32.46,41.9,1.07,0.0,,,,1.0,0.0,0.0
19,2,3.0,1.6,6.0,0.0,21.27,70.33,41.91,1.09,0.0,,,,0.0,1.0,0.0
20,2,3.0,1.6,8.0,0.24,15.13,29.55,41.9,1.08,0.0,,,,1.0,1.0,0.0
21,1,1.0,1.6,8.0,0.64,15.93,29.95,41.9,1.08,0.0,,,,1.0,0.0,0.0
22,1,1.0,1.6,8.0,0.68,5.39,17.41,41.89,1.07,0.0,,,,1.0,0.0,0.0
23,3,3.0,1.6,8.0,0.74,1.4,157.25,41.89,1.06,0.0,,,,1.0,0.0,0.0
24,3,3.0,1.6,8.0,0.77,0.06,167.04,41.88,1.06,0.0,,,,1.0,0.0,0.0
25,3,3.0,1.6,9.0,0.79,0.09,194.82,41.88,1.05,0.0,,,,1.0,1.0,0.0
26,3,3.0,1.6,9.0,0.82,0.06,278.21,41.88,1.05,0.0,,,,1.0,1.0,0.0
27,3,3.0,1.6,9.0,0.98,0.09,264.0,41.87,1.04,0.0,,,,1.0,1.0,0.0
28,4,4.0,4.7,9.0,0.96,0.54,266.76,41.87,1.04,0.0,,,,1.0,0.0,0.0
29,4,4.0,4.7,9.0,0.97,2.56,314.88,41.86,1.04,0.0,,,,1.0,1.0,0.0
30,0,0.0,0.0,0.0,0.0,0.06,35.14,41.87,1.05,0.0,,,,1.0,1.0,0.0
31,0,0.0,0.0,0.0,0.0,0.0,19.7,41.86,1.04,0.0,,,,0.0,0.0,2.0
32,0,0.0,0.0,0.0,0.0,0.06,49.94,41.85,1.03,0.0,,,,1.0,0.0,0.0
33,0,0.0,0.0,9.0,62.81,31.25,45.1,41.94,1.11,0.0,,,,1.0,0.0,0.0
34,1,1.0,1.1,11.0,63.35,31.25,66.53,41.94,1.11,0.0,,,,1.0,0.0,0.0
35,1,1.0,1.1,13.0,61.96,31.25,62.5,41.93,1.1,0.0,,,,1.0,0.0,0.0
36,2,2.0,1.1,13.0,58.74,31.25,13.1,41.92,1.09,0.0,,,,1.0,0.0,0.0
37,2,2.0,1.1,15.0,98.32,31.25,50.98,41.91,1.09,0.0,,,,1.0,0.0,0.0
38,5,5.0,1.1,13.0,98.32,31.25,8.21,41.91,1.09,0.0,,,,1.0,0.0,2.0
39,1,2.0,2.5,13.0,98.32,31.25,164.85,41.92,1.1,0.0,,,,0.0,0.0,0.0
40,5,6.0,1.1,14.0,97.84,31.25,62.38,41.9,1.08,0.0,,,,1.0,0.0,2.0
41,7,9.0,1.3,13.0,85.19,31.25,132.58,41.89,1.07,0.0,,,,1.0,0.0,0.0
42,4,6.0,1.3,13.0,94.71,31.25,12.44,41.9,1.09,0.0,,,,1.0,0.0,2.0
43,5,7.0,1.3,14.0,86.64,31.25,36.0,41.89,1.08,0.0,,,,1.0,0.0,2.0
44,6,8.0,1.3,15.0,31.33,31.25,27.99,41.85,1.03,0.0,,,,1.0,0.0,0.0
45,2,3.0,2.9,2.0,38.1,108.86,58.06,41.94,1.11,0.0,,,,1.0,0.0,2.0
46,2,2.0,1.1,2.0,40.2,119.85,33.05,41.95,1.12,0.0,,,,1.0,0.0,2.0
47,2,2.0,1.1,2.0,40.3,138.54,95.47,41.96,1.13,0.0,,,,0.0,0.0,0.0
48,2,3.0,2.9,3.0,41.77,98.1,43.43,41.93,1.09,0.0,,,,1.0,0.0,0.0
49,3,4.0,1.1,2.0,45.72,122.97,18.43,41.94,1.11,0.0,,,,1.0,0.0,0.0
50,2,3.0,2.9,3.0,47.86,117.93,14.62,41.94,1.11,0.0,,,,1.0,0.0,0.0
51,2,3.0,2.9,3.0,50.8,123.0,31.54,41.94,1.11,0.0,,,,1.0,0.0,0.0
52,3,3.0,1.1,3.0,51.48,128.54,6.65,41.94,1.11,0.0,,,,1.0,0.0,2.0
53,3,5.0,2.9,7.0,54.21,85.5,23.53,41.9,1.07,0.0,,,,1.0,0.0,1.0
54,3,5.0,2.9,7.0,57.37,97.17,8.24,41.9,1.07,0.0,,,,1.0,0.0,2.0
55,5,5.0,2.7,8.0,60.01,69.8,13.39,41.87,1.05,0.0,,,,1.0,0.0,2.0
56,1,2.0,1.5,9.0,48.03,97.87,4.92,41.88,1.06,0.0,,,,1.0,0.0,0.0
57,2,3.0,1.5,13.0,40.43,85.81,13.31,41.86,1.04,0.0,,,,1.0,0.0,2.0
58,0,0.0,0.0,2.0,0.0,40.76,49.68,41.94,1.1,0.0,,,,0.0,0.0,1.0
59,0,0.0,0.0,2.0,0.0,36.46,22.29,41.94,1.11,0.0,,,,1.0,0.0,2.0
60,0,0.0,0.0,2.0,0.0,44.94,11.16,41.93,1.1,0.0,,,,1.0,0.0,2.0
61,1,1.0,12.8,2.0,0.35,52.38,80.87,41.92,1.08,0.0,,,,1.0,0.0,2.0
62,2,2.0,2.0,4.0,3.79,39.27,23.04,41.87,1.06,0.0,,,,1.0,0.0,0.0
63,1,1.0,2.5,7.0,38.38,61.63,15.87,41.9,1.06,0.0,,,,1.0,0.0,2.0
64,4,4.0,1.7,6.0,40.73,49.77,60.32,41.91,1.07,0.0,,,,1.0,0.0,2.0
65,4,4.0,1.7,6.0,41.99,38.27,37.22,41.91,1.07,0.0,,,,1.0,0.0,2.0
66,4,4.0,1.7,6.0,41.55,30.27,24.51,41.91,1.08,0.0,,,,1.0,1.0,2.0
67,3,3.0,3.5,3.0,36.21,0.0,25.34,41.93,1.11,0.0,,,,1.0,0.0,2.0
68,4,4.0,1.7,5.0,48.11,15.07,42.45,41.89,1.07,0.0,,,,1.0,1.0,0.0
69,4,4.0,1.7,4.0,47.65,10.23,58.61,41.9,1.07,0.0,,,,1.0,1.0,2.0
70,3,3.0,1.7,4.0,46.81,5.96,49.9,41.9,1.07,0.0,,,,1.0,0.0,0.0
71,2,3.0,1.7,4.0,46.61,3.06,62.02,41.9,1.07,0.0,,,,1.0,0.0,0.0
72,2,3.0,1.7,6.0,48.64,16.94,81.27,41.88,1.06,0.0,,,,1.0,0.0,0.0
73,1,1.0,7.3,7.0,3.67,98.13,73.87,41.89,1.05,0.0,,,,0.0,0.0,0.0
74,1,1.0,7.3,6.0,3.91,83.59,51.41,41.91,1.07,0.0,,,,1.0,0.0,0.0
75,2,2.0,3.9,10.0,3.47,98.16,21.87,41.88,1.04,0.0,,,,0.0,0.0,0.0
76,0,0.0,0.0,3.0,3.28,63.31,168.13,41.93,1.1,0.0,,,,1.0,1.0,0.0
77,1,1.0,7.3,7.0,3.32,72.86,12.6,41.89,1.06,0.0,,,,1.0,1.0,0.0
78,1,1.0,7.3,3.0,0.56,48.98,105.84,41.92,1.1,0.0,,,,1.0,0.0,0.0
79,0,0.0,0.0,3.0,0.0,54.69,16.65,41.94,1.12,0.0,,,,1.0,0.0,0.0
80,4,6.0,1.9,8.0,3.07,39.98,38.16,41.89,1.06,0.0,,,,1.0,0.0,0.0
81,3,6.0,1.9,10.0,0.27,18.65,50.95,41.89,1.07,0.0,,,,1.0,0.0,2.0
82,3,3.0,2.7,2.0,0.23,0.06,10.08,42.48,1.7,0.0,,,,1.0,1.0,2.0
83,2,3.0,2.7,2.0,0.22,0.06,100.22,42.47,1.69,0.0,,,,0.0,1.0,2.0
84,2,3.0,2.7,2.0,0.18,10.02,11.69,42.46,1.68,0.0,,,,1.0,0.0,0.0
85,2,3.0,2.7,2.0,0.17,2.23,58.62,42.46,1.67,0.0,,,,1.0,1.0,0.0
86,1,1.0,2.7,2.0,4.33,2.17,26.44,42.44,1.66,0.0,,,,1.0,0.0,2.0
87,2,3.0,2.7,2.0,0.0,24.06,58.62,42.47,1.68,0.0,,,,0.0,1.0,0.0
88,0,0.0,0.0,7.0,5.02,11.94,157.59,42.41,1.63,0.0,,,,1.0,0.0,1.0
89,0,0.0,0.0,6.0,9.4,10.57,45.14,42.39,1.61,0.0,,,,0.0,0.0,0.0
90,0,0.0,0.0,6.0,12.79,9.31,57.54,42.39,1.61,0.0,,,,1.0,1.0,1.0
91,1,1.0,3.4,4.0,0.0,18.15,67.39,42.46,1.66,0.0,,,,1.0,1.0,2.0
92,1,1.0,3.4,4.0,0.0,13.88,5.99,42.45,1.65,0.0,,,,1.0,0.0,2.0
93,1,1.0,3.4,4.0,0.0,19.1,49.77,42.45,1.65,0.0,,,,1.0,0.0,2.0
94,0,0.0,0.0,8.0,5.55,6.05,12.11,42.4,1.61,0.0,,,,1.0,1.0,0.0
95,0,0.0,0.0,5.0,10.77,1.37,16.96,42.38,1.6,0.0,,,,1.0,1.0,0.0
96,0,0.0,0.0,4.0,1.89,25.17,8.21,42.41,1.63,0.0,,,,1.0,0.0,0.0
97,1,1.0,2.6,3.0,2.39,0.06,10.6,42.39,1.6,0.0,,,,1.0,0.0,0.0
98,1,1.0,2.8,7.0,0.83,0.0,8.99,42.41,1.64,0.0,,,,1.0,1.0,0.0
99,3,3.0,2.2,6.0,0.76,15.85,104.77,42.43,1.65,0.0,,,,0.0,0.0,0.0
100,0,0.0,0.0,7.0,0.86,0.12,15.67,42.4,1.63,0.0,,,,1.0,0.0,0.0
101,2,2.0,2.8,7.0,0.71,23.13,12.44,42.41,1.63,0.0,,,,1.0,0.0,2.0
102,3,5.0,1.7,6.0,0.59,62.44,10.11,42.43,1.64,0.0,,,,1.0,0.0,0.0
103,0,0.0,0.0,2.0,0.0,6.57,6.22,42.45,1.68,0.0,,,,1.0,0.0,0.0
104,0,0.0,0.0,3.0,0.0,0.06,58.06,42.43,1.66,0.0,,,,1.0,0.0,0.0
105,0,0.0,0.0,3.0,0.0,0.0,17.63,42.43,1.66,0.0,,,,1.0,0.0,2.0
106,0,0.0,0.0,4.0,0.02,2.57,27.72,42.43,1.66,0.0,,,,1.0,1.0,1.0
107,1,1.0,1.3,2.0,12.58,5.5,237.57,43.02,2.45,0.0,,,,1.0,1.0,0.0
108,2,2.0,1.3,6.0,13.76,2.4,8.47,42.97,2.43,0.0,,,,1.0,1.0,0.0
109,1,1.0,1.3,3.0,12.11,0.06,263.09,43.03,2.45,0.0,,,,1.0,0.0,0.0
110,1,1.0,3.4,6.0,6.69,0.09,2.46,42.96,2.42,0.0,,,,1.0,0.0,0.0
111,3,5.0,1.1,9.0,13.65,29.18,31.75,42.97,2.4,0.0,,,,1.0,0.0,2.0
112,0,0.0,0.0,0.0,2.07,0.09,34.52,42.95,2.41,0.0,,,,1.0,1.0,2.0
113,0,0.0,0.0,0.0,8.53,3.59,205.55,43.02,2.44,0.0,,,,1.0,1.0,0.0
114,0,0.0,0.0,0.0,8.43,0.09,151.47,43.02,2.44,0.0,,,,1.0,1.0,0.0
115,0,0.0,0.0,1.0,7.16,5.72,51.9,43.01,2.42,0.0,,,,1.0,0.0,0.0
116,0,0.0,0.0,2.0,0.84,0.06,18.89,42.95,2.38,0.0,,,,1.0,0.0,0.0
117,0,0.0,0.0,2.0,0.62,0.06,11.52,42.95,2.38,0.0,,,,1.0,0.0,0.0
118,0,0.0,0.0,3.0,1.16,0.06,1413.96,43.0,2.45,0.0,,,,1.0,1.0,0.0
119,2,3.0,2.4,2.0,57.98,18.52,372.33,42.69,2.3,0.0,,,,0.0,1.0,0.0
120,1,1.0,4.6,3.0,55.25,6.9,157.25,42.69,2.3,0.0,,,,1.0,0.0,0.0
121,6,7.0,2.8,8.0,0.07,107.17,115.56,42.69,2.31,0.0,,,,0.0,0.0,0.0
122,4,4.0,2.8,10.0,0.33,71.1,464.4,42.72,2.31,0.0,,,,1.0,0.0,0.0
123,3,4.0,6.3,8.0,0.05,74.2,60.84,42.65,2.27,0.0,,,,0.0,0.0,0.0
124,2,3.0,2.3,3.0,9.71,11.2,1603.28,42.73,2.31,0.0,,,,1.0,1.0,0.0
125,2,2.0,3.8,4.0,8.9,7.5,650.19,42.7,2.29,0.0,,,,1.0,1.0,0.0
126,2,2.0,3.7,2.0,1.63,8.26,304.65,42.68,2.29,0.0,,,,0.0,0.0,0.0
127,2,2.0,3.7,2.0,1.65,6.33,175.02,42.68,2.28,0.0,,,,0.0,0.0,0.0
128,0,0.0,0.0,2.0,1.69,0.06,101.95,42.67,2.27,0.0,,,,1.0,0.0,0.0
129,1,1.0,3.6,3.0,0.0,31.25,18.22,42.13,1.48,0.0,,,,1.0,0.0,0.0
130,0,0.0,0.0,0.0,44.43,31.25,106.44,42.19,1.5,0.0,,,,1.0,0.0,2.0
131,0,0.0,0.0,0.0,44.44,31.25,106.49,42.18,1.5,0.0,,,,1.0,0.0,2.0
132,0,0.0,0.0,0.0,42.8,31.25,148.26,42.19,1.5,0.0,,,,1.0,0.0,0.0
133,0,0.0,0.0,0.0,42.95,31.25,127.01,42.17,1.48,0.0,,,,0.0,0.0,2.0
134,4,5.0,3.6,10.0,0.0,31.25,32.31,42.1,1.44,0.0,,,,1.0,0.0,0.0
135,1,1.0,3.6,8.0,37.6,31.25,33.65,42.13,1.45,0.0,,,,1.0,0.0,0.0
136,1,1.0,3.6,9.0,35.69,31.25,15.18,42.12,1.45,0.0,,,,1.0,0.0,0.0
137,1,1.0,3.6,9.0,32.17,31.25,22.81,42.11,1.44,0.0,,,,1.0,0.0,0.0
138,1,1.0,3.6,9.0,34.78,31.25,13.78,42.12,1.44,0.0,,,,1.0,0.0,0.0
139,1,1.0,3.6,10.0,32.57,31.25,33.78,42.12,1.44,0.0,,,,1.0,0.0,0.0
140,0,0.0,0.0,11.0,32.64,31.25,18.12,42.12,1.44,0.0,,,,0.0,0.0,0.0
141,0,0.0,0.0,11.0,30.24,31.25,20.43,42.12,1.43,0.0,,,,1.0,0.0,0.0
142,0,0.0,0.0,1.0,0.0,97.33,15.72,42.14,1.47,0.0,,,,1.0,0.0,0.0
143,1,1.0,6.9,1.0,7.12,96.44,57.1,42.14,1.46,0.0,,,,1.0,0.0,0.0
144,0,0.0,0.0,3.0,0.0,38.66,40.39,42.13,1.5,0.0,,,,0.0,0.0,2.0
145,1,1.0,6.7,3.0,0.0,20.64,5.53,42.14,1.49,0.0,,,,1.0,1.0,0.0
146,2,2.0,2.8,3.0,0.0,40.95,28.08,42.12,1.48,0.0,,,,1.0,0.0,2.0
147,2,2.0,2.8,9.0,0.0,23.31,58.97,42.09,1.44,0.0,,,,0.0,0.0,0.0
148,2,2.0,2.8,8.0,0.0,16.09,60.83,42.09,1.44,0.0,,,,1.0,0.0,0.0
149,4,4.0,2.4,10.0,0.0,20.26,63.65,42.07,1.42,0.0,,,,1.0,1.0,2.0
150,4,5.0,2.4,13.0,0.0,27.22,113.82,42.04,1.39,0.0,,,,1.0,0.0,0.0
151,1,1.0,5.1,3.0,0.12,45.53,104.28,42.05,1.44,0.0,,,,0.0,1.0,0.0
152,1,1.0,5.1,4.0,6.61,29.23,28.11,42.05,1.42,0.0,,,,1.0,0.0,0.0
153,1,1.0,5.1,4.0,8.5,6.05,52.92,42.07,1.42,0.0,,,,0.0,0.0,0.0
154,1,1.0,5.1,4.0,11.09,15.38,8.93,42.06,1.42,0.0,,,,1.0,0.0,0.0
155,0,0.0,0.0,5.0,12.21,0.09,15.94,42.06,1.41,0.0,,,,1.0,0.0,0.0
156,1,1.0,5.1,5.0,14.07,6.07,21.72,42.05,1.41,0.0,,,,1.0,1.0,0.0
157,1,1.0,5.1,5.0,14.53,4.5,37.58,42.05,1.41,0.0,,,,1.0,0.0,0.0
158,0,0.0,0.0,5.0,9.86,1.06,34.1,42.08,1.42,0.0,,,,1.0,0.0,0.0
159,0,0.0,0.0,4.0,14.96,0.06,59.62,42.04,1.4,0.0,,,,1.0,1.0,0.0
160,0,0.0,0.0,4.0,15.81,0.09,4.1,42.03,1.38,0.0,,,,1.0,0.0,0.0
161,0,0.0,0.0,5.0,18.33,1.54,237.08,42.06,1.39,0.0,,,,0.0,0.0,0.0
162,0,0.0,0.0,5.0,16.54,0.09,20.43,42.03,1.38,0.0,,,,1.0,1.0,0.0
163,0,0.0,0.0,3.0,3.01,15.31,7.93,41.51,0.67,0.0,,,,1.0,0.0,0.0
164,2,3.0,1.2,3.0,0.0,35.4,213.97,41.51,0.66,0.0,,,,1.0,1.0,0.0
165,0,0.0,0.0,2.0,0.0,3.56,13.58,41.53,0.68,0.0,,,,1.0,0.0,0.0
166,2,2.0,1.1,2.0,0.0,13.82,41.47,41.52,0.67,0.0,,,,1.0,1.0,0.0
167,1,2.0,1.2,2.0,0.0,24.77,55.34,41.48,0.63,0.0,,,,1.0,0.0,0.0
168,2,2.0,1.2,2.0,0.0,16.02,21.9,41.47,0.62,0.0,,,,1.0,0.0,0.0
169,0,0.0,0.0,2.0,0.0,0.14,16.24,41.53,0.68,0.0,,,,1.0,0.0,0.0
170,1,1.0,1.1,2.0,0.0,7.88,32.05,41.53,0.68,0.0,,,,1.0,1.0,0.0
171,2,3.0,1.1,2.0,0.0,29.81,26.63,41.48,0.63,0.0,,,,1.0,0.0,0.0
172,0,0.0,0.0,2.0,2.3,1.5,19.87,41.59,0.75,0.0,,,,1.0,0.0,0.0
173,1,2.0,2.3,2.0,1.76,18.92,24.48,41.58,0.74,0.0,,,,1.0,0.0,1.0
174,1,2.0,2.3,3.0,2.99,27.26,52.27,41.57,0.73,0.0,,,,1.0,0.0,0.0
175,3,3.0,1.7,7.0,2.21,68.87,106.93,41.54,0.7,0.0,,,,1.0,0.0,0.0
176,0,0.0,0.0,2.0,2.16,6.37,10.37,41.59,0.75,0.0,,,,1.0,0.0,0.0
177,1,2.0,2.3,3.0,2.69,25.02,28.48,41.57,0.73,0.0,,,,1.0,1.0,0.0
178,1,4.0,1.7,5.0,3.46,44.73,71.28,41.55,0.71,0.0,,,,1.0,1.0,0.0
179,0,0.0,0.0,2.0,2.12,11.27,14.69,41.59,0.74,0.0,,,,1.0,1.0,0.0
180,1,1.0,2.3,2.0,1.86,18.13,17.14,41.58,0.73,0.0,,,,1.0,1.0,0.0
181,1,2.0,2.3,3.0,1.77,23.45,56.92,41.57,0.73,0.0,,,,1.0,1.0,0.0
182,1,2.0,2.3,3.0,3.42,30.42,69.12,41.56,0.72,0.0,,,,1.0,1.0,0.0
183,1,2.0,2.3,3.0,3.71,31.65,11.09,41.56,0.71,0.0,,,,1.0,0.0,0.0
184,1,4.0,1.7,6.0,3.53,37.58,8.16,41.55,0.7,0.0,,,,1.0,1.0,0.0
185,2,4.0,1.7,7.0,3.14,53.08,49.02,41.53,0.69,0.0,,,,1.0,1.0,0.0
186,1,2.0,2.3,3.0,3.21,24.85,53.61,41.56,0.72,0.0,,,,1.0,0.0,0.0
187,3,4.0,1.2,6.0,3.66,29.7,35.64,41.55,0.7,0.0,,,,1.0,0.0,0.0
188,4,5.0,1.2,7.0,3.28,40.42,30.24,41.53,0.69,0.0,,,,1.0,0.0,0.0
189,1,1.0,2.3,3.0,2.78,11.49,44.45,41.56,0.71,0.0,,,,1.0,0.0,0.0
190,3,3.0,1.2,5.0,3.79,20.79,14.4,41.54,0.7,0.0,,,,1.0,0.0,0.0
191,2,2.0,1.2,4.0,3.62,9.84,46.7,41.54,0.7,0.0,,,,1.0,0.0,0.0
192,3,4.0,1.2,7.0,3.2,43.92,6.02,41.52,0.68,0.0,,,,0.0,1.0,0.0
193,2,3.0,1.2,7.0,3.0,37.38,6.05,41.52,0.67,0.0,,,,1.0,1.0,0.0
194,0,1.0,1.2,4.0,3.66,7.25,22.03,41.53,0.69,0.0,,,,1.0,0.0,0.0
195,2,3.0,1.2,8.0,2.74,30.0,28.22,41.51,0.66,0.0,,,,1.0,1.0,0.0
196,1,2.0,1.2,8.0,3.35,20.91,85.45,41.51,0.66,0.0,,,,1.0,1.0,0.0
197,2,2.0,1.2,8.0,3.13,15.69,18.79,41.5,0.65,0.0,,,,1.0,0.0,0.0
198,2,2.0,1.2,6.0,2.55,6.28,15.94,41.51,0.66,0.0,,,,1.0,0.0,0.0
199,1,2.0,1.2,5.0,1.83,3.94,14.77,41.5,0.66,0.0,,,,1.0,0.0,0.0
200,0,1.0,7.8,4.0,1.1,0.0,40.55,41.5,0.65,0.0,,,,1.0,0.0,0.0
201,1,1.0,7.2,3.0,0.0,0.06,178.21,41.54,0.7,0.0,,,,0.0,1.0,0.0
202,1,1.0,7.2,4.0,0.39,0.69,30.37,41.53,0.69,0.0,,,,1.0,1.0,0.0
203,2,2.0,1.9,8.0,0.0,6.25,100.8,41.48,0.64,0.0,,,,0.0,0.0,0.0
204,0,0.0,0.0,2.0,4.04,0.09,93.56,41.55,0.71,0.0,,,,0.0,0.0,2.0
205,0,0.0,0.0,3.0,3.87,0.09,8.94,41.54,0.69,0.0,,,,1.0,0.0,2.0
206,0,0.0,0.0,7.0,3.18,0.0,180.12,41.52,0.68,0.0,,,,0.0,0.0,2.0
207,0,0.0,0.0,4.0,4.01,0.09,24.21,41.56,0.71,0.0,,,,1.0,0.0,2.0
208,0,0.0,0.0,5.0,3.84,0.09,56.92,41.54,0.7,0.0,,,,1.0,0.0,2.0
209,0,0.0,0.0,5.0,3.94,0.0,37.32,41.55,0.7,0.0,,,,0.0,0.0,2.0
210,0,0.0,0.0,6.0,3.69,0.06,21.0,41.53,0.68,0.0,,,,0.0,0.0,2.0
211,0,0.0,0.0,0.0,7.85,0.0,46.77,41.52,0.67,0.0,,,,1.0,0.0,0.0
212,0,0.0,0.0,0.0,6.76,0.06,61.34,41.53,0.68,0.0,,,,1.0,0.0,0.0
213,2,2.0,3.5,9.0,97.17,31.25,163.12,41.24,0.49,0.0,,,,0.0,0.0,0.0
214,3,3.0,2.3,10.0,97.09,31.25,206.84,41.22,0.46,0.0,,,,1.0,0.0,0.0
215,1,1.0,2.2,2.0,27.65,0.06,10.89,41.27,0.51,0.0,,,,1.0,0.0,0.0
216,1,1.0,2.2,5.0,31.99,1.63,36.29,41.23,0.47,0.0,,,,0.0,1.0,0.0
217,1,1.0,4.3,3.0,0.0,21.05,16.16,41.27,0.5,0.0,,,,1.0,0.0,0.0
218,1,1.0,1.6,6.0,48.19,31.25,111.97,41.61,1.07,0.0,,,,1.0,0.0,0.0
219,0,0.0,0.0,6.0,47.99,31.25,25.92,41.61,1.05,0.0,,,,1.0,0.0,0.0
220,0,0.0,0.0,0.0,34.58,31.25,54.33,41.63,1.05,0.0,,,,0.0,0.0,0.0
221,0,0.0,0.0,5.0,43.78,31.25,7.78,41.61,1.05,0.0,,,,1.0,0.0,0.0
222,0,0.0,0.0,5.0,45.4,31.25,7.52,41.61,1.04,0.0,,,,1.0,0.0,0.0
223,0,0.0,0.0,1.0,36.38,31.25,14.4,41.62,1.04,0.0,,,,1.0,0.0,0.0
224,0,0.0,0.0,4.0,38.18,31.25,21.77,41.61,1.04,0.0,,,,1.0,0.0,0.0
225,0,0.0,0.0,5.0,41.47,31.25,37.15,41.61,1.04,0.0,,,,1.0,0.0,0.0
226,0,0.0,0.0,7.0,43.85,31.25,7.49,41.6,1.03,0.0,,,,1.0,0.0,0.0
227,0,0.0,0.0,5.0,35.15,31.25,30.37,41.6,1.01,0.0,,,,1.0,0.0,0.0
228,0,0.0,0.0,5.0,55.22,31.25,25.04,41.59,1.0,0.0,,,,1.0,0.0,0.0
229,2,2.0,1.3,7.0,0.05,144.47,20.16,41.6,1.04,0.0,,,,1.0,0.0,0.0
230,1,2.0,1.3,11.0,12.46,120.88,615.86,41.57,1.02,0.0,,,,0.0,0.0,0.0
231,3,2.0,1.6,7.0,0.05,154.63,6.62,41.6,1.02,0.0,,,,1.0,0.0,0.0
232,1,1.0,1.6,8.0,0.05,149.88,62.21,41.59,1.02,0.0,,,,1.0,0.0,0.0
233,2,3.0,1.6,5.0,0.05,162.45,17.96,41.61,1.02,0.0,,,,1.0,0.0,0.0
234,0,0.0,0.0,9.0,0.88,145.07,9.19,41.59,1.02,0.0,,,,1.0,0.0,0.0
235,1,1.0,16.1,3.0,0.0,5.56,25.27,41.77,1.3,0.0,,,,1.0,0.0,1.0
236,1,1.0,16.1,3.0,0.0,5.56,25.27,41.77,1.3,0.0,,,,1.0,0.0,1.0
237,1,1.0,16.1,3.0,0.0,0.06,12.53,41.76,1.3,0.0,,,,1.0,0.0,2.0
238,2,2.0,4.0,4.0,3.36,0.06,141.12,41.74,1.27,0.0,,,,1.0,0.0,0.0
239,1,1.0,16.1,4.0,4.59,11.78,25.57,41.74,1.27,0.0,,,,1.0,0.0,1.0
240,2,2.0,4.0,4.0,4.37,0.88,16.85,41.73,1.26,0.0,,,,1.0,0.0,0.0
241,1,1.0,2.4,2.0,0.14,0.06,122.4,42.15,1.93,0.0,,,,0.0,0.0,0.0
242,"강원도 고성군 / 속초시, 옥계산불 ver1_2",,,,,,,,,,,,,,,
243,1,1.0,5.6,6.0,0.0,50.07,9.0,42.55,2.53,0.0,,22.0,22.0,1.0,0.0,0.0
244,1,2.0,5.6,6.0,0.0,40.08,41.98,42.54,2.52,0.0,,22.0,22.0,1.0,0.0,0.0
245,2,2.0,5.6,7.0,3.01,50.48,23.21,42.54,2.52,0.0,,22.0,22.0,1.0,0.0,0.0
246,2,3.0,5.6,10.0,1.01,42.09,4.61,42.51,2.49,0.0,,22.0,22.0,1.0,0.0,0.0
247,4,4.0,3.7,9.0,1.14,31.91,7.26,42.5,2.49,0.0,,22.0,22.0,1.0,0.0,0.0
248,1,3.0,4.3,1.0,0.0,138.7,8.61,43.91,3.07,0.0,,,,1.0,0.0,0.0
249,4,4.0,2.2,16.0,1.76,109.8,22.46,43.83,2.99,0.0,,,,1.0,0.0,0.0
250,4,5.0,2.2,16.0,0.84,112.11,51.9,43.84,3.0,0.0,,,,0.0,0.0,0.0
251,5,6.0,2.2,16.0,0.51,109.81,53.57,43.84,3.0,0.0,,,,1.0,0.0,0.0
252,1,1.0,2.7,2.0,0.0,0.06,64.54,41.81,1.2,0.0,,22.0,22.0,1.0,0.0,0.0
253,3,3.0,2.7,5.0,0.0,0.0,7.6,41.8,1.18,0.0,,22.0,20.0,1.0,0.0,0.0
254,0,0.0,0.0,1.0,0.0,0.0,46.77,41.85,1.26,0.0,,22.0,22.0,1.0,1.0,2.0
255,0,0.0,0.0,2.0,0.0,0.09,36.01,41.8,1.2,0.0,,22.0,22.0,1.0,0.0,0.0
256,0,0.0,0.0,1.0,0.0,0.0,27.36,41.79,1.21,0.0,,22.0,22.0,1.0,1.0,0.0
257,0,0.0,0.0,0.0,0.0,0.06,12.53,41.85,1.24,0.0,,22.0,22.0,1.0,1.0,2.0
258,0,0.0,0.0,4.0,0.0,0.06,19.01,41.63,1.27,0.0,,22.0,18.0,1.0,0.0,0.0
259,1,1.0,1.8,1.0,0.0,129.89,167.4,41.65,1.25,0.0,,22.0,18.0,1.0,0.0,0.0
260,1,1.0,1.8,1.0,0.0,128.3,219.3,41.64,1.25,0.0,,22.0,18.0,1.0,0.0,0.0
261,1,1.0,1.8,1.0,0.0,123.66,210.53,41.64,1.25,0.0,,20.0,18.0,1.0,0.0,0.0
262,1,1.0,1.8,1.0,0.0,122.45,199.56,41.64,1.25,0.0,,20.0,18.0,1.0,0.0,0.0
263,0,0.0,0.0,1.0,0.0,118.56,262.92,41.63,1.24,0.0,,20.0,18.0,1.0,0.0,0.0
264,0,0.0,0.0,1.0,0.0,116.12,235.87,41.63,1.24,0.0,,20.0,20.0,1.0,0.0,0.0
265,1,1.0,2.7,1.0,0.0,112.92,250.42,41.62,1.24,0.0,,20.0,20.0,1.0,0.0,0.0
266,1,1.0,2.7,1.0,0.0,110.34,231.94,41.62,1.23,0.0,,20.0,20.0,1.0,0.0,0.0
267,1,1.0,2.7,1.0,0.0,108.06,227.66,41.62,1.23,0.0,,20.0,20.0,1.0,0.0,0.0
268,1,1.0,1.8,2.0,0.0,0.09,144.62,41.22,1.02,0.0,,7.0,0.0,1.0,0.0,0.0
269,1,1.0,1.8,1.0,0.0,5.31,268.93,41.22,1.03,0.0,,7.0,5.0,1.0,1.0,0.0
270,1,1.0,1.8,1.0,0.0,16.06,63.72,41.2,1.02,0.0,,7.0,1.0,1.0,0.0,0.0
271,2,2.0,3.1,11.0,0.0,0.0,769.48,41.37,0.91,0.0,,2.0,2.0,1.0,0.0,0.0
272,0,0.0,0.0,2.0,0.0,0.09,80.77,41.3,0.87,0.0,,3.0,3.0,1.0,0.0,0.0
273,1,1.0,2.2,6.0,0.0,10.35,91.24,41.22,0.48,0.0,,3.0,3.0,0.0,1.0,0.0
274,1,1.0,2.6,4.0,0.0,19.75,16.16,41.25,0.54,0.0,,3.0,3.0,1.0,1.0,2.0
275,3,3.0,2.2,6.0,0.0,16.39,21.67,41.2,0.47,0.0,,3.0,2.0,1.0,0.0,0.0
276,1,2.0,2.0,7.0,0.0,36.49,28.22,41.24,0.55,0.0,,3.0,2.0,0.0,0.0,2.0
277,4,6.0,2.2,6.0,0.0,14.61,77.76,41.18,0.46,0.0,,3.0,3.0,1.0,1.0,0.0
278,4,9.0,2.2,6.0,0.0,20.9,14.2,41.17,0.46,0.0,,3.0,2.0,1.0,0.0,0.0
279,2,2.0,2.8,13.0,1.48,0.06,19.18,41.15,0.48,0.0,,17.0,2.0,1.0,0.0,0.0
280,0,0.0,0.0,4.0,0.0,0.09,30.34,41.25,0.51,0.0,,3.0,2.0,0.0,0.0,2.0
281,0,0.0,0.0,6.0,0.0,0.0,65.89,41.22,0.48,0.0,,3.0,2.0,1.0,0.0,2.0
282,0,0.0,0.0,5.0,0.0,0.0,38.02,41.24,0.5,0.0,,3.0,2.0,1.0,1.0,2.0
283,1,1.0,4.4,7.0,0.0,0.06,25.57,41.23,0.49,0.0,,3.0,3.0,0.0,0.0,2.0
284,2,2.0,4.4,9.0,0.0,1.84,14.4,41.21,0.47,0.0,,3.0,3.0,0.0,0.0,2.0
285,3,3.0,4.4,11.0,0.0,10.73,13.48,41.2,0.46,0.0,,3.0,3.0,1.0,0.0,2.0
286,5,7.0,3.1,12.0,0.0,18.81,14.2,41.19,0.46,0.0,,3.0,2.0,1.0,0.0,2.0
287,0,0.0,0.0,3.0,0.0,0.09,27.72,41.23,0.52,0.0,,3.0,3.0,1.0,0.0,2.0
288,0,0.0,0.0,3.0,0.0,0.09,23.03,41.23,0.53,0.0,,3.0,3.0,1.0,0.0,2.0
289,0,0.0,0.0,5.0,0.0,0.06,31.19,41.22,0.52,0.0,,3.0,3.0,1.0,1.0,2.0
290,5,5.0,3.1,17.0,0.04,0.06,14.57,41.16,0.46,0.0,,3.0,2.0,1.0,0.0,2.0
291,0,0.0,0.0,3.0,0.0,0.09,23.03,41.22,0.54,1.0,1.0,3.0,3.0,1.0,1.0,2.0
292,0,0.0,0.0,4.0,0.0,0.0,6.97,41.21,0.54,1.0,0.0,7.0,3.0,1.0,0.0,2.0
293,0,0.0,0.0,9.0,0.0,0.06,14.17,41.2,0.51,1.0,1.0,4.0,3.0,1.0,0.0,2.0
294,2,2.0,7.4,4.0,4.3,37.79,458.27,41.22,0.49,0.0,,3.0,3.0,1.0,0.0,0.0
295,2,2.0,4.2,10.0,6.42,19.29,158.37,40.91,0.75,0.0,,15.0,9.0,1.0,0.0,0.0
296,3,3.0,2.4,10.0,8.17,22.61,70.59,40.89,0.76,0.0,,11.0,4.0,1.0,1.0,0.0
297,4,4.0,2.4,10.0,13.53,27.32,139.05,40.87,0.76,0.0,,9.0,7.0,1.0,0.0,0.0
298,1,1.0,15.4,2.0,0.0,70.8,30.34,40.47,0.88,0.0,,4.0,4.0,1.0,0.0,0.0
299,1,1.0,15.4,2.0,0.0,69.04,10.02,40.47,0.88,0.0,,4.0,4.0,1.0,0.0,0.0
300,1,1.0,3.1,3.0,1.43,56.77,60.78,40.44,0.88,0.0,,4.0,0.0,1.0,0.0,0.0
301,1,2.0,3.1,3.0,1.72,52.25,44.35,40.43,0.88,0.0,,4.0,0.0,1.0,0.0,0.0
302,1,1.0,3.1,8.0,5.93,56.89,31.68,40.41,0.87,0.0,,0.0,0.0,1.0,0.0,0.0
303,1,2.0,3.1,3.0,0.67,44.7,43.72,40.44,0.89,0.0,,23.0,1.0,1.0,0.0,0.0
304,1,2.0,3.1,8.0,3.53,47.96,38.23,40.42,0.88,0.0,,7.0,0.0,1.0,0.0,0.0
305,2,2.0,10.0,3.0,0.0,50.13,38.23,40.45,0.9,0.0,,21.0,0.0,1.0,0.0,0.0
306,1,2.0,3.1,3.0,1.01,38.66,66.46,40.43,0.89,0.0,,23.0,0.0,1.0,0.0,0.0
307,1,2.0,3.1,8.0,2.34,37.61,32.82,40.42,0.89,0.0,,22.0,0.0,1.0,0.0,0.0
308,2,2.0,3.1,8.0,5.28,30.82,34.83,40.4,0.9,0.0,,22.0,1.0,1.0,0.0,0.0
309,3,3.0,3.1,2.0,0.02,34.75,60.13,40.43,0.91,0.0,,23.0,0.0,1.0,0.0,0.0
310,2,2.0,3.1,3.0,0.37,29.95,30.41,40.43,0.91,0.0,,23.0,0.0,1.0,0.0,0.0
311,3,3.0,2.6,8.0,4.35,16.41,52.68,40.4,0.92,0.0,,8.0,1.0,0.0,0.0,0.0
312,3,3.0,3.7,3.0,0.0,12.48,193.42,40.42,0.96,0.0,,10.0,6.0,0.0,0.0,0.0
313,3,3.0,3.7,3.0,0.0,2.94,102.3,40.41,0.98,0.0,,8.0,0.0,1.0,0.0,0.0
314,1,1.0,9.0,1.0,24.6,95.72,26.63,40.45,0.89,0.0,,22.0,4.0,1.0,0.0,0.0
315,1,1.0,9.0,4.0,27.9,90.1,15.18,40.43,0.9,0.0,,23.0,0.0,1.0,0.0,0.0
316,1,1.0,9.0,3.0,20.7,69.91,41.47,40.41,0.9,0.0,,22.0,0.0,0.0,0.0,0.0
317,1,1.0,9.0,4.0,22.8,79.59,45.79,40.41,0.91,0.0,,11.0,0.0,0.0,0.0,0.0
318,1,1.0,9.0,4.0,32.11,102.86,26.61,40.43,0.92,0.0,,3.0,0.0,1.0,0.0,0.0
319,1,1.0,9.0,4.0,27.14,89.58,35.11,40.41,0.92,0.0,,5.0,0.0,1.0,0.0,0.0
320,1,1.0,9.0,5.0,26.23,88.86,28.34,40.4,0.93,0.0,,5.0,0.0,1.0,0.0,0.0
321,0,0.0,0.0,5.0,25.22,81.54,108.35,40.39,0.93,0.0,,5.0,3.0,0.0,0.0,0.0
322,2,2.0,5.7,2.0,0.0,0.09,358.52,40.42,0.89,0.0,,21.0,0.0,0.0,0.0,0.0
323,0,0.0,0.0,2.0,0.0,0.0,440.29,40.41,0.91,0.0,,11.0,0.0,0.0,0.0,0.0
324,0,0.0,0.0,2.0,0.0,0.09,583.59,40.4,0.94,0.0,,5.0,1.0,0.0,1.0,0.0
325,0,0.0,0.0,1.0,0.0,0.06,456.02,40.4,0.97,0.0,,10.0,5.0,0.0,0.0,0.0
326,0,0.0,0.0,2.0,0.0,0.06,395.45,40.39,0.98,0.0,,14.0,1.0,0.0,0.0,0.0
327,1,1.0,1.8,5.0,0.27,0.09,16.63,40.46,0.91,0.0,,20.0,4.0,0.0,0.0,0.0
328,0,2.0,6.0,5.0,0.23,25.32,244.57,40.43,0.88,0.0,,10.0,0.0,0.0,1.0,0.0
329,4,7.0,2.2,5.0,0.23,25.12,326.68,40.42,0.9,0.0,,22.0,5.0,0.0,0.0,0.0
330,2,5.0,2.2,6.0,0.19,24.7,361.24,40.4,0.92,0.0,,5.0,0.0,0.0,0.0,0.0
331,3,4.0,2.2,9.0,0.14,14.79,321.28,40.39,0.95,0.0,,5.0,3.0,0.0,1.0,0.0
332,2,3.0,0.8,6.0,0.0,18.38,67.48,40.69,0.51,0.0,,12.0,0.0,1.0,0.0,0.0
333,1,1.0,2.6,10.0,0.0,45.26,61.17,40.66,0.49,0.0,,9.0,3.0,1.0,0.0,0.0
334,1,1.0,2.2,0.0,10.47,10.49,7.86,40.71,0.5,1.0,0.0,2.0,0.0,1.0,0.0,0.0
335,1,1.0,2.2,0.0,8.02,27.51,58.06,40.72,0.52,1.0,0.0,0.0,0.0,1.0,0.0,0.0
336,1,1.0,2.2,0.0,8.35,21.25,4.84,40.72,0.51,1.0,0.0,0.0,0.0,1.0,0.0,0.0
337,1,1.0,2.2,0.0,6.55,13.52,8.06,40.7,0.51,1.0,0.0,2.0,0.0,1.0,0.0,0.0
338,0,0.0,0.0,0.0,5.15,35.76,175.02,40.71,0.53,0.0,,0.0,0.0,1.0,0.0,0.0
339,1,1.0,2.2,0.0,3.88,35.72,8.47,40.69,0.53,1.0,0.0,0.0,0.0,1.0,0.0,0.0
340,1,1.0,2.2,0.0,4.04,31.79,10.93,40.69,0.53,1.0,0.0,0.0,0.0,1.0,0.0,0.0
341,0,0.0,0.0,0.0,4.71,51.44,67.48,40.71,0.55,0.0,,0.0,0.0,1.0,0.0,0.0
342,0,0.0,0.0,0.0,4.12,47.83,12.05,40.7,0.54,0.0,,0.0,0.0,1.0,0.0,0.0
343,1,1.0,2.2,0.0,3.49,43.5,47.0,40.68,0.54,1.0,0.0,0.0,0.0,1.0,0.0,0.0
344,1,1.0,2.2,0.0,3.13,28.81,12.53,40.67,0.54,1.0,0.0,0.0,0.0,1.0,0.0,0.0
345,0,0.0,0.0,0.0,4.1,57.2,13.36,40.7,0.55,0.0,,0.0,0.0,1.0,0.0,0.0
346,1,1.0,2.2,0.0,3.23,41.25,27.07,40.68,0.55,1.0,0.0,0.0,0.0,1.0,0.0,0.0
347,1,1.0,2.2,0.0,2.4,14.12,15.21,40.65,0.55,1.0,0.0,2.0,0.0,1.0,0.0,0.0
348,1,1.0,2.2,0.0,2.8,28.34,5.3,40.67,0.55,1.0,0.0,0.0,0.0,1.0,0.0,0.0
349,1,1.0,3.5,2.0,2.73,31.25,58.98,40.92,0.21,0.0,,21.0,9.0,1.0,0.0,0.0
350,1,1.0,3.5,2.0,11.45,31.25,134.78,40.9,0.22,0.0,,18.0,5.0,1.0,0.0,0.0
351,1,1.0,3.5,2.0,11.68,31.25,17.28,40.9,0.23,0.0,,15.0,0.0,1.0,0.0,0.0
352,2,3.0,4.2,2.0,14.45,31.25,26.96,40.86,0.2,0.0,,0.0,0.0,1.0,0.0,0.0
353,1,1.0,3.5,2.0,16.5,31.25,87.48,40.88,0.23,0.0,,13.0,3.0,1.0,0.0,0.0
354,2,3.0,4.2,2.0,15.15,31.25,68.26,40.85,0.21,0.0,,7.0,0.0,0.0,0.0,0.0
355,2,3.0,4.2,2.0,14.42,31.25,11.09,40.85,0.21,0.0,,4.0,0.0,1.0,0.0,0.0
356,3,3.0,0.8,2.0,11.23,31.25,82.05,40.82,0.19,0.0,,2.0,0.0,1.0,0.0,0.0
357,2,2.0,3.5,2.0,18.9,31.25,124.19,40.87,0.23,0.0,,11.0,7.0,1.0,0.0,0.0
358,2,3.0,4.2,2.0,13.18,31.25,52.7,40.84,0.21,0.0,,4.0,1.0,1.0,0.0,0.0
359,4,4.0,0.8,2.0,11.01,31.25,29.1,40.82,0.19,0.0,,2.0,0.0,1.0,0.0,0.0
360,2,3.0,4.2,2.0,19.36,31.25,8.64,40.84,0.23,0.0,,4.0,3.0,1.0,0.0,0.0
361,2,3.0,4.2,2.0,13.48,31.25,43.72,40.84,0.22,0.0,,4.0,3.0,1.0,0.0,0.0
362,3,3.0,4.2,2.0,10.47,31.25,53.57,40.82,0.2,0.0,,3.0,1.0,1.0,0.0,0.0
363,2,2.0,3.5,2.0,22.25,31.25,88.3,40.85,0.24,0.0,,8.0,4.0,1.0,0.0,0.0
364,1,1.0,7.2,5.0,15.9,31.25,4.9,40.8,0.24,0.0,,3.0,3.0,1.0,0.0,0.0
365,1,1.0,7.2,5.0,17.05,31.25,18.65,40.81,0.26,0.0,,3.0,3.0,1.0,0.0,0.0
366,1,1.0,7.2,5.0,16.16,31.25,10.48,40.8,0.24,0.0,,3.0,3.0,1.0,0.0,0.0
367,1,1.0,7.2,5.0,17.25,31.25,30.41,40.81,0.26,0.0,,3.0,3.0,1.0,0.0,0.0
368,3,7.0,2.9,6.0,0.0,39.52,76.68,40.87,0.19,0.0,,0.0,0.0,0.0,1.0,0.0
369,4,4.0,5.0,7.0,1.12,42.44,12.9,40.85,0.2,0.0,,0.0,0.0,1.0,0.0,0.0
370,0,0.0,0.0,7.0,1.89,18.29,7.11,40.81,0.2,0.0,,3.0,1.0,1.0,0.0,0.0
371,2,2.0,2.9,7.0,2.62,6.33,13.71,40.84,0.24,0.0,,5.0,3.0,1.0,1.0,0.0
372,2,4.0,1.5,7.0,0.0,31.25,11.92,40.85,0.16,0.0,,0.0,0.0,1.0,0.0,0.0
373,0,0.0,0.0,6.0,0.0,31.25,45.36,40.9,0.21,0.0,,23.0,0.0,1.0,0.0,0.0
374,1,1.0,4.1,6.0,0.0,31.25,56.25,40.86,0.18,0.0,,0.0,0.0,1.0,0.0,0.0
375,0,0.0,0.0,7.0,0.0,31.25,79.89,40.86,0.19,0.0,,0.0,0.0,1.0,0.0,0.0
376,3,5.0,1.5,9.0,0.0,31.25,13.48,40.83,0.17,0.0,,0.0,0.0,1.0,0.0,0.0
377,0,0.0,0.0,4.0,0.0,31.25,45.36,40.89,0.23,0.0,,15.0,0.0,1.0,0.0,0.0
378,0,0.0,0.0,6.0,0.0,31.25,27.75,40.89,0.22,0.0,,15.0,7.0,1.0,0.0,0.0
379,0,0.0,0.0,8.0,0.0,31.25,31.62,40.88,0.22,0.0,,14.0,0.0,1.0,0.0,0.0
380,0,0.0,0.0,8.0,0.0,31.25,12.9,40.86,0.2,0.0,,2.0,0.0,1.0,0.0,0.0
381,0,0.0,0.0,9.0,0.0,31.25,7.66,40.87,0.24,0.0,,11.0,7.0,1.0,0.0,0.0
382,0,0.0,0.0,10.0,0.0,31.25,53.45,40.87,0.23,0.0,,11.0,4.0,1.0,0.0,0.0
383,3,4.0,1.7,12.0,6.09,31.25,7.95,40.86,0.24,0.0,,10.0,5.0,1.0,0.0,0.0
384,4,5.0,2.0,18.0,24.48,31.25,11.28,40.81,0.22,0.0,,3.0,3.0,1.0,0.0,0.0
385,4,5.0,2.0,19.0,24.35,31.25,47.58,40.79,0.23,0.0,,3.0,3.0,1.0,0.0,0.0
386,1,1.0,3.8,8.0,94.48,31.25,46.87,40.88,0.22,0.0,,15.0,1.0,0.0,0.0,0.0
387,2,2.0,2.5,9.0,94.48,31.25,248.72,40.86,0.2,0.0,,0.0,0.0,0.0,0.0,0.0
388,2,2.0,2.5,12.0,94.48,31.25,19.66,40.85,0.19,0.0,,0.0,0.0,1.0,0.0,0.0
389,3,4.0,2.2,12.0,94.48,31.25,125.8,40.83,0.21,0.0,,3.0,1.0,1.0,0.0,0.0
390,2,2.0,2.5,11.0,94.48,31.25,100.2,40.84,0.22,0.0,,4.0,3.0,0.0,0.0,0.0
391,0,0.0,0.0,2.0,0.06,3.24,23.03,42.95,2.42,0.0,,,,1.0,1.0,2.0
392,1,1.0,2.7,0.0,0.0,106.35,20.56,42.54,2.53,0.0,,,,1.0,0.0,0.0
393,4,4.0,2.2,3.0,0.0,18.06,58.62,42.47,2.43,0.0,,,,0.0,0.0,0.0
394,0,0.0,0.0,0.0,0.0,0.09,11.28,42.49,2.52,0.0,,,,1.0,0.0,0.0
395,"강원도 고성군 / 속초시 , 옥계산불 ver1_3",,,,,,,,,,,,,,,
396,1,1.0,2.6,4.0,19.51,0.0,100.68,42.21,2.56,0.0,,,,1.0,1.0,0.0
397,1,1.0,2.8,4.0,29.33,0.06,71.54,42.21,2.59,0.0,,,,1.0,1.0,0.0
398,4,5.0,1.8,5.0,21.1,0.75,195.84,41.94,2.3,0.0,,,,1.0,0.0,0.0
399,1,1.0,1.5,2.0,54.83,0.0,74.19,42.16,2.18,0.0,,,,1.0,1.0,0.0
400,1,1.0,1.5,3.0,54.13,0.06,140.4,42.14,2.17,0.0,,,,1.0,0.0,0.0
401,1,1.0,1.5,3.0,54.13,0.06,140.4,42.14,2.17,0.0,,,,1.0,0.0,0.0
402,1,1.0,1.5,3.0,45.04,0.0,126.95,42.15,2.19,0.0,,,,1.0,1.0,0.0
403,1,2.0,5.0,11.0,44.57,28.02,81.1,42.1,2.15,0.0,,,,1.0,0.0,0.0
404,1,2.0,5.0,11.0,41.54,32.96,270.52,42.1,2.15,0.0,,,,1.0,1.0,0.0
405,1,1.0,2.5,0.0,6.48,42.52,39.31,42.52,2.04,0.0,,,,0.0,0.0,0.0
406,1,1.0,2.5,0.0,8.8,38.98,46.08,42.52,2.04,0.0,,,,1.0,0.0,0.0
407,0,0.0,0.0,1.0,6.88,24.62,9.07,42.54,2.09,0.0,,,,1.0,0.0,0.0
408,0,0.0,0.0,1.0,8.85,19.16,9.6,42.54,2.09,0.0,,,,1.0,0.0,0.0
409,1,1.0,2.5,1.0,5.4,0.09,84.86,42.5,2.07,0.0,,,,1.0,0.0,2.0
410,0,0.0,0.0,1.0,5.32,0.0,12.1,42.5,2.07,0.0,,,,1.0,0.0,0.0
411,0,0.0,0.0,1.0,5.44,0.06,52.1,42.5,2.08,0.0,,,,0.0,0.0,0.0
412,0,0.0,0.0,1.0,0.0,0.06,6.65,42.42,1.73,0.0,,,,1.0,0.0,1.0
413,0,0.0,0.0,1.0,0.0,0.06,41.04,42.43,1.75,0.0,,,,0.0,1.0,2.0
414,0,0.0,0.0,1.0,0.0,0.0,22.12,42.41,1.74,0.0,,,,1.0,0.0,0.0
415,1,1.0,1.6,2.0,0.0,0.06,58.32,42.39,1.72,0.0,,,,1.0,0.0,2.0
416,0,0.0,0.0,0.0,0.0,0.06,6.68,42.42,1.76,0.0,,,,1.0,1.0,2.0
417,0,0.0,0.0,0.0,0.0,0.0,33.87,42.4,1.74,0.0,,,,1.0,0.0,0.0
418,0,0.0,0.0,1.0,0.0,5.21,51.84,42.27,1.67,0.0,,,,1.0,0.0,2.0
419,0,0.0,0.0,0.0,0.0,0.06,171.36,42.26,1.68,0.0,,,,1.0,1.0,0.0
420,0,0.0,0.0,0.0,0.0,0.0,168.42,42.26,1.68,0.0,,,,1.0,0.0,0.0
421,3,3.0,2.3,4.0,1.43,3.63,79.32,41.64,1.42,0.0,,22.0,22.0,1.0,1.0,0.0
422,3,3.0,2.9,2.0,0.0,0.06,63.65,41.8,1.33,0.0,,32.0,3.0,1.0,0.0,0.0
423,2,2.0,2.9,2.0,0.0,10.62,86.4,41.81,1.34,0.0,,32.0,32.0,1.0,0.0,2.0
424,1,1.0,5.5,2.0,0.0,9.16,52.42,41.81,1.34,0.0,,32.0,32.0,1.0,0.0,2.0
425,1,1.0,5.5,3.0,0.0,0.0,70.16,41.79,1.33,0.0,,32.0,5.0,1.0,0.0,0.0
426,2,2.0,7.5,6.0,0.0,1.6,210.47,41.77,1.32,0.0,,22.0,8.0,1.0,0.0,0.0
427,3,3.0,2.2,3.0,0.0,166.91,139.97,41.8,1.32,0.0,,30.0,3.0,1.0,0.0,0.0
428,1,1.0,7.1,3.0,4.75,150.53,175.85,41.77,1.33,0.0,,31.0,2.0,1.0,0.0,0.0
429,1,1.0,7.1,3.0,4.75,156.45,196.07,41.77,1.33,0.0,,27.0,2.0,1.0,0.0,0.0
430,1,1.0,7.1,3.0,4.75,150.53,175.85,41.77,1.33,0.0,,22.0,8.0,1.0,0.0,0.0
431,3,3.0,2.2,3.0,9.51,146.36,172.14,41.76,1.32,0.0,,22.0,8.0,1.0,0.0,0.0
432,3,3.0,2.2,3.0,20.89,141.54,171.78,41.76,1.32,0.0,,22.0,22.0,1.0,0.0,0.0
433,3,3.0,2.2,3.0,33.17,136.5,182.91,41.75,1.32,0.0,,22.0,22.0,1.0,0.0,0.0
434,3,3.0,2.2,3.0,44.27,131.26,192.1,41.75,1.31,0.0,,22.0,22.0,1.0,0.0,0.0
435,0,0.0,0.0,1.0,0.0,0.0,53.45,41.95,1.27,0.0,,32.0,7.0,0.0,1.0,0.0
436,1,1.0,1.3,1.0,0.0,5.31,98.84,41.94,1.25,0.0,,22.0,7.0,1.0,1.0,2.0
437,0,0.0,0.0,1.0,0.0,0.0,48.38,41.94,1.26,0.0,,22.0,7.0,1.0,1.0,2.0
438,0,0.0,0.0,1.0,0.0,0.09,51.71,41.97,1.3,0.0,,32.0,8.0,1.0,0.0,2.0
439,0,0.0,0.0,1.0,0.36,2.64,4.92,41.94,1.27,0.0,,22.0,7.0,1.0,0.0,2.0
440,1,1.0,2.1,3.0,0.27,11.19,83.98,41.93,1.26,0.0,,32.0,8.0,1.0,0.0,0.0
441,0,0.0,0.0,1.0,0.48,2.53,50.11,41.94,1.27,0.0,,22.0,22.0,1.0,1.0,0.0
442,0,0.0,0.0,1.0,0.52,0.09,97.76,41.95,1.29,0.0,,22.0,22.0,1.0,1.0,0.0
443,0,0.0,0.0,1.0,0.55,0.06,45.79,41.95,1.3,0.0,,22.0,22.0,1.0,0.0,2.0
444,1,2.0,2.1,3.0,0.49,27.43,81.99,41.91,1.24,0.0,,22.0,22.0,1.0,0.0,0.0
445,1,3.0,1.6,3.0,52.04,142.66,94.35,42.2,1.39,0.0,,32.0,32.0,1.0,0.0,2.0
446,0,2.0,3.0,4.0,50.41,148.93,75.6,42.18,1.37,0.0,,32.0,32.0,1.0,0.0,0.0
447,1,1.0,2.5,6.0,47.69,139.83,68.2,42.15,1.33,0.0,,32.0,32.0,0.0,0.0,0.0
448,2,2.0,2.5,7.0,49.51,147.58,90.72,42.16,1.35,0.0,,32.0,32.0,0.0,0.0,0.0
449,0,2.0,3.0,4.0,54.55,134.72,321.81,42.18,1.37,0.0,,32.0,32.0,1.0,0.0,0.0
450,2,3.0,2.5,7.0,54.0,141.43,18.14,42.16,1.35,0.0,,32.0,32.0,1.0,0.0,0.0
451,1,2.0,2.5,7.0,54.21,138.72,14.52,42.16,1.34,0.0,,32.0,32.0,1.0,0.0,0.0
452,2,1.0,2.5,7.0,54.66,135.31,19.18,42.15,1.34,0.0,,32.0,32.0,1.0,0.0,0.0
453,1,1.0,2.5,7.0,55.56,131.56,23.98,42.15,1.34,0.0,,32.0,32.0,1.0,0.0,0.0
454,1,1.0,2.5,8.0,54.69,123.23,59.73,42.14,1.33,0.0,,32.0,32.0,1.0,0.0,2.0
455,1,1.0,2.5,7.0,51.56,122.09,79.11,42.14,1.32,0.0,,32.0,8.0,0.0,0.0,0.0
456,2,3.0,2.5,8.0,52.19,113.74,32.95,42.13,1.31,0.0,,32.0,6.0,1.0,0.0,0.0
457,2,2.0,3.0,7.0,56.79,132.97,52.27,42.16,1.35,0.0,,32.0,32.0,1.0,0.0,0.0
458,4,4.0,1.6,4.0,54.71,110.08,52.42,42.17,1.37,0.0,,32.0,32.0,1.0,0.0,0.0
459,0,0.0,0.0,8.0,61.55,117.25,60.74,42.14,1.33,0.0,,32.0,32.0,1.0,0.0,2.0
460,1,1.0,2.5,9.0,57.16,112.01,95.64,42.13,1.32,0.0,,32.0,13.0,1.0,0.0,0.0
461,3,3.0,1.6,4.0,54.71,98.8,90.69,42.18,1.37,0.0,,32.0,32.0,1.0,0.0,2.0
462,3,3.0,5.8,10.0,68.75,110.95,14.11,42.15,1.34,0.0,,32.0,32.0,1.0,0.0,2.0
463,3,3.0,5.8,10.0,69.15,112.29,25.98,42.14,1.33,0.0,,32.0,32.0,1.0,0.0,2.0
464,2,3.0,1.6,3.0,39.82,81.76,22.03,42.19,1.4,0.0,,32.0,32.0,1.0,0.0,0.0
465,3,3.0,5.8,11.0,72.5,103.08,59.3,42.14,1.34,0.0,,32.0,32.0,1.0,0.0,2.0
466,3,3.0,5.8,9.0,73.69,91.66,41.13,42.14,1.34,0.0,,32.0,32.0,1.0,0.0,2.0
467,3,3.0,1.6,9.0,71.66,84.39,25.57,42.15,1.35,0.0,,32.0,32.0,1.0,0.0,2.0
468,0,0.0,0.0,5.0,97.55,46.25,22.98,42.16,1.38,0.0,,32.0,32.0,1.0,0.0,2.0
469,1,1.0,2.5,9.0,98.43,55.02,66.82,42.13,1.34,0.0,,32.0,32.0,1.0,0.0,2.0
470,1,1.0,2.5,8.0,98.57,46.74,64.28,42.13,1.34,0.0,,32.0,32.0,1.0,0.0,0.0
471,2,2.0,1.9,9.0,98.1,53.83,54.17,42.12,1.33,0.0,,32.0,32.0,1.0,0.0,0.0
472,2,2.0,1.6,2.0,1.1,31.25,42.74,42.2,1.38,0.0,,32.0,32.0,1.0,0.0,0.0
473,0,1.0,1.6,3.0,1.03,31.25,6.05,42.18,1.37,0.0,,32.0,32.0,1.0,0.0,2.0
474,1,2.0,0.8,6.0,1.02,31.25,85.54,42.16,1.34,0.0,,32.0,32.0,1.0,0.0,2.0
475,1,2.0,0.8,7.0,0.46,31.25,49.25,42.14,1.33,0.0,,32.0,32.0,0.0,0.0,0.0
476,1,1.0,7.6,3.0,1.19,31.25,44.64,42.19,1.39,0.0,,32.0,32.0,1.0,0.0,2.0
477,1,1.0,1.6,4.0,0.98,31.25,29.52,42.17,1.36,0.0,,32.0,32.0,1.0,0.0,0.0
478,2,3.0,0.8,8.0,0.83,31.25,68.52,42.12,1.31,0.0,,32.0,6.0,0.0,0.0,0.0
479,1,1.0,1.6,4.0,0.98,31.25,29.52,42.17,1.36,0.0,,32.0,32.0,1.0,0.0,2.0
480,2,2.0,0.8,7.0,0.68,31.25,12.96,42.14,1.33,0.0,,32.0,32.0,1.0,0.0,0.0
481,1,2.0,0.8,8.0,0.78,31.25,17.63,42.12,1.31,0.0,,32.0,8.0,1.0,0.0,0.0
482,3,3.0,0.8,8.0,0.8,31.25,16.65,42.12,1.3,0.0,,31.0,10.0,1.0,0.0,2.0
483,2,2.0,1.6,4.0,0.99,31.25,107.14,42.16,1.36,0.0,,32.0,32.0,0.0,0.0,2.0
484,2,2.0,1.6,6.0,0.6,31.25,76.61,42.14,1.33,0.0,,32.0,32.0,1.0,0.0,0.0
485,3,3.0,2.3,8.0,0.7,31.25,75.25,42.12,1.31,0.0,,32.0,7.0,1.0,0.0,0.0
486,2,2.0,1.8,7.0,0.53,31.25,311.17,42.14,1.33,0.0,,32.0,32.0,1.0,0.0,0.0
487,3,3.0,2.3,9.0,0.67,31.25,19.7,42.11,1.31,0.0,,32.0,7.0,1.0,0.0,0.0
488,3,4.0,2.3,10.0,0.77,31.25,60.61,42.1,1.29,0.0,,24.0,10.0,1.0,0.0,2.0
489,2,4.0,2.3,8.0,0.62,31.25,57.25,42.12,1.32,0.0,,32.0,32.0,1.0,0.0,0.0
490,2,4.0,2.3,13.0,0.75,31.25,61.17,42.1,1.29,0.0,,32.0,6.0,1.0,0.0,2.0
491,3,4.0,2.3,13.0,0.82,31.25,42.68,42.09,1.28,0.0,,23.0,6.0,1.0,0.0,0.0
492,2,3.0,1.8,7.0,0.69,31.25,55.81,42.13,1.33,0.0,,32.0,32.0,1.0,0.0,0.0
493,3,5.0,1.8,8.0,0.68,31.25,54.46,42.11,1.32,0.0,,32.0,32.0,1.0,0.0,0.0
494,3,5.0,1.8,10.0,0.74,31.25,10.45,42.1,1.31,0.0,,32.0,32.0,1.0,0.0,2.0
495,2,4.0,2.3,11.0,0.76,31.25,12.53,42.09,1.29,0.0,,32.0,6.0,1.0,0.0,2.0
496,1,1.0,6.3,6.0,24.91,31.25,22.32,42.15,1.36,0.0,,32.0,32.0,1.0,0.0,0.0
497,2,3.0,1.8,9.0,1.44,31.25,58.06,42.1,1.3,0.0,,32.0,29.0,1.0,0.0,2.0
498,0,0.0,0.0,1.0,0.0,136.07,28.93,39.11,2.29,1.0,0.0,41.0,6.0,1.0,0.0,0.0
499,1,1.0,3.8,2.0,0.0,113.01,234.84,39.07,2.27,0.0,,28.0,4.0,1.0,0.0,0.0
500,2,2.0,1.4,3.0,0.0,67.49,625.82,39.03,2.27,0.0,,28.0,5.0,0.0,0.0,0.0
501,2,2.0,6.4,3.0,2.87,47.65,874.14,39.01,2.26,0.0,,42.0,13.0,0.0,0.0,0.0
502,1,1.0,3.8,1.0,0.0,128.26,42.34,39.07,2.24,0.0,,29.0,15.0,1.0,0.0,0.0
503,1,1.0,3.8,1.0,0.0,116.48,67.48,39.07,2.25,0.0,,34.0,15.0,1.0,0.0,0.0
504,1,2.0,3.8,4.0,6.74,87.99,561.43,39.03,2.23,0.0,,33.0,0.0,0.0,0.0,0.0
505,2,2.0,3.8,8.0,8.0,84.37,815.1,39.01,2.22,0.0,,55.0,0.0,0.0,0.0,0.0
506,0,0.0,0.0,0.0,4.13,6.25,402.41,39.08,2.28,0.0,,15.0,10.0,1.0,1.0,1.0
507,0,0.0,0.0,0.0,0.05,0.09,408.6,39.07,2.25,0.0,,28.0,9.0,0.0,1.0,1.0
508,1,1.0,2.1,1.0,2.98,16.27,70.76,39.04,2.26,0.0,,28.0,5.0,1.0,1.0,0.0
509,2,2.0,2.1,1.0,0.0,12.87,105.49,39.02,2.21,0.0,,44.0,5.0,1.0,0.0,2.0
510,2,3.0,1.5,1.0,0.0,15.68,144.46,38.98,2.21,0.0,,6.0,0.0,1.0,0.0,2.0
511,1,1.0,3.7,1.0,0.0,1.4,17.71,39.02,2.2,0.0,,21.0,10.0,1.0,1.0,2.0
512,0,0.0,0.0,1.0,0.0,0.5,34.56,39.03,2.19,0.0,,21.0,15.0,1.0,0.0,2.0
513,2,3.0,1.5,1.0,0.0,11.85,73.27,39.0,2.19,0.0,,41.0,16.0,1.0,0.0,2.0
514,0,0.0,0.0,0.0,0.0,0.06,29.72,39.06,2.27,0.0,,27.0,7.0,1.0,0.0,0.0
515,1,1.0,5.4,1.0,1.05,0.06,57.66,39.01,2.26,0.0,,42.0,7.0,1.0,0.0,0.0
516,0,0.0,0.0,2.0,0.03,0.0,359.25,39.03,2.23,0.0,,47.0,0.0,0.0,0.0,0.0
517,1,1.0,5.4,3.0,1.07,0.09,132.84,39.01,2.23,0.0,,55.0,0.0,0.0,0.0,0.0
518,0,0.0,0.0,2.0,0.64,0.06,246.24,39.01,2.27,0.0,,31.0,8.0,0.0,0.0,0.0
519,0,0.0,0.0,2.0,2.57,0.0,178.68,39.0,2.27,0.0,,38.0,4.0,0.0,1.0,0.0
520,0,0.0,0.0,2.0,0.37,10.34,557.8,39.03,2.24,0.0,,19.0,0.0,0.0,0.0,0.0
521,0,0.0,0.0,2.0,1.77,0.06,77.16,39.0,2.25,0.0,,46.0,9.0,0.0,1.0,0.0
522,1,1.0,5.1,2.0,0.34,0.06,1714.58,39.06,2.22,0.0,,22.0,3.0,1.0,0.0,0.0
523,0,0.0,0.0,1.0,0.0,0.09,316.01,39.33,2.21,0.0,,18.0,0.0,0.0,0.0,0.0
524,1,1.0,25.8,1.0,13.01,0.09,101.25,39.3,2.15,0.0,,18.0,16.0,0.0,0.0,0.0
525,0,0.0,0.0,0.0,0.14,0.06,33.84,39.1,1.72,0.0,,30.0,7.0,1.0,0.0,2.0
526,0,0.0,0.0,0.0,35.28,0.06,649.81,39.06,1.64,0.0,,29.0,6.0,1.0,0.0,0.0
527,1,1.0,1.3,0.0,28.98,0.0,368.58,39.06,1.61,0.0,,34.0,19.0,1.0,1.0,0.0
528,1,1.0,1.3,0.0,17.2,0.06,724.18,39.07,1.58,0.0,,19.0,7.0,1.0,1.0,0.0
529,1,1.0,1.3,0.0,25.33,0.06,910.4,39.06,1.59,0.0,,21.0,8.0,1.0,1.0,0.0
530,1,1.0,1.3,0.0,17.54,0.12,692.29,39.05,1.56,0.0,,20.0,1.0,1.0,0.0,0.0
531,2,2.0,1.3,1.0,26.48,5.5,212.89,39.03,1.57,0.0,,21.0,13.0,1.0,0.0,0.0
532,0,0.0,0.0,1.0,0.0,31.25,113.4,38.93,1.32,0.0,,9.0,1.0,1.0,0.0,0.0
533,0,0.0,0.0,1.0,0.0,31.25,975.24,38.93,1.3,0.0,,11.0,7.0,1.0,0.0,0.0
534,0,1.0,3.4,1.0,0.0,31.25,85.71,38.88,1.32,0.0,,10.0,7.0,1.0,0.0,0.0
535,0,2.0,0.9,1.0,0.0,31.25,829.44,38.9,1.29,0.0,,14.0,4.0,1.0,0.0,0.0
536,0,2.0,0.9,1.0,0.0,31.25,108.0,38.88,1.3,0.0,,9.0,5.0,1.0,0.0,0.0
537,0,2.0,0.9,1.0,0.0,31.25,755.09,38.87,1.28,0.0,,11.0,8.0,0.0,0.0,0.0
538,2,2.0,5.2,3.0,0.06,31.25,575.99,38.85,1.27,0.0,,10.0,5.0,1.0,0.0,0.0
539,0,0.0,0.0,1.0,0.0,31.25,16.16,38.89,1.26,0.0,,21.0,9.0,1.0,0.0,0.0
540,1,1.0,5.2,1.0,10.45,31.25,659.09,38.85,1.25,0.0,,15.0,7.0,0.0,0.0,0.0
541,0,0.0,0.0,1.0,0.0,31.25,13.31,38.91,1.25,0.0,,17.0,9.0,1.0,0.0,0.0
542,0,0.0,0.0,2.0,0.0,31.25,426.24,38.86,1.23,0.0,,13.0,0.0,0.0,0.0,0.0
543,1,1.0,1.8,2.0,0.6,51.86,49.77,38.95,1.33,0.0,,,,1.0,0.0,0.0
544,2,2.0,1.8,2.0,4.29,39.09,4.97,38.93,1.31,0.0,,,,1.0,0.0,0.0
545,3,3.0,1.8,4.0,3.44,28.52,97.98,38.88,1.28,0.0,,,,1.0,1.0,0.0
546,2,2.0,1.8,5.0,4.13,11.81,94.55,38.9,1.28,0.0,,,,1.0,0.0,0.0
547,3,3.0,2.4,3.0,4.56,45.1,65.0,38.86,1.28,0.0,,,,1.0,0.0,0.0
548,2,2.0,1.8,5.0,4.56,33.47,103.81,38.87,1.28,0.0,,,,0.0,0.0,0.0
549,2,2.0,1.8,6.0,3.99,22.13,123.03,38.87,1.27,0.0,,,,0.0,0.0,0.0
550,2,2.0,1.8,6.0,3.88,11.18,35.25,38.88,1.27,0.0,,,,0.0,0.0,0.0
551,2,2.0,1.8,6.0,4.58,0.06,117.85,38.89,1.26,0.0,,,,1.0,0.0,0.0
552,2,2.0,1.8,6.0,4.58,0.06,117.85,38.89,1.26,0.0,,,,1.0,0.0,0.0
553,1,1.0,1.8,7.0,10.79,27.96,328.03,38.85,1.24,0.0,,,,0.0,0.0,0.0
554,3,3.0,2.8,10.0,8.1,48.56,215.65,38.84,1.26,0.0,,,,0.0,0.0,0.0
555,0,1.0,0.5,1.0,4.38,92.16,13.82,38.8,1.02,0.0,,,,1.0,0.0,0.0
556,0,1.0,0.5,1.0,11.21,83.36,26.01,38.79,1.02,0.0,,,,1.0,0.0,0.0
557,1,1.0,2.8,1.0,9.99,79.59,34.68,38.77,1.02,0.0,,,,1.0,0.0,0.0
558,1,1.0,2.8,1.0,8.34,87.02,56.22,38.75,1.02,0.0,,,,1.0,0.0,0.0
559,1,1.0,2.8,0.0,16.97,88.84,255.57,38.74,1.02,0.0,,,,0.0,1.0,0.0
560,0,1.0,0.5,1.0,1.56,79.27,35.87,38.81,1.0,0.0,,,,0.0,0.0,0.0
561,0,1.0,0.5,1.0,11.71,78.84,12.53,38.8,1.01,0.0,,,,1.0,0.0,0.0
562,0,0.0,0.0,1.0,10.7,69.67,46.56,38.77,1.01,0.0,,,,0.0,0.0,0.0
563,1,1.0,2.8,1.0,8.9,64.45,184.69,38.76,1.0,0.0,,,,0.0,0.0,0.0
564,0,0.0,0.0,1.0,13.18,63.29,42.34,38.78,0.99,0.0,,,,1.0,1.0,0.0
565,0,0.0,0.0,1.0,9.92,57.54,104.03,38.76,0.99,0.0,,,,1.0,0.0,0.0
566,2,2.0,0.5,1.0,13.13,64.16,60.48,38.79,0.99,0.0,,,,1.0,0.0,0.0
567,2,2.0,0.5,1.0,14.54,63.01,47.98,38.79,0.99,0.0,,,,1.0,0.0,0.0
568,1,1.0,3.1,2.0,13.77,43.75,37.44,38.77,0.97,0.0,,,,1.0,0.0,0.0
569,1,1.0,3.1,3.0,14.47,35.78,21.43,38.77,0.96,0.0,,,,1.0,0.0,0.0
570,0,0.0,0.0,2.0,9.7,35.5,1025.35,38.74,0.97,0.0,,,,1.0,0.0,0.0
571,1,1.0,2.8,2.0,15.92,33.73,1156.06,38.71,0.96,0.0,,,,1.0,0.0,0.0
572,0,1.0,3.1,3.0,14.56,29.74,12.9,38.76,0.96,0.0,,,,1.0,0.0,0.0
573,0,1.0,3.1,3.0,14.03,30.5,10.44,38.76,0.96,0.0,,,,1.0,0.0,0.0
574,2,2.0,2.8,3.0,13.61,6.64,446.0,38.73,0.94,0.0,,,,0.0,0.0,0.0
575,2,2.0,2.8,3.0,13.61,6.64,446.0,38.73,0.94,0.0,,,,1.0,1.0,0.0
576,1,1.0,3.1,3.0,14.3,13.88,51.32,38.75,0.94,0.0,,,,1.0,0.0,0.0
577,1,1.0,3.1,4.0,15.64,10.38,29.64,38.75,0.94,0.0,,,,1.0,0.0,0.0
578,1,1.0,3.1,4.0,16.68,13.28,37.09,38.76,0.93,0.0,,,,1.0,0.0,0.0
579,2,2.0,1.4,3.0,29.75,32.43,96.77,38.69,0.93,0.0,,,,1.0,0.0,0.0
580,1,1.0,3.1,4.0,14.99,0.09,16.52,38.73,0.92,0.0,,,,1.0,0.0,0.0
581,2,2.0,1.4,4.0,16.29,0.09,30.34,38.72,0.92,0.0,,,,1.0,0.0,0.0
582,3,3.0,1.4,4.0,17.93,0.06,24.51,38.72,0.92,0.0,,,,1.0,1.0,0.0
583,3,3.0,1.4,4.0,20.22,1.19,57.1,38.71,0.92,0.0,,,,1.0,0.0,0.0
584,2,3.0,1.4,4.0,34.61,23.57,390.6,38.69,0.91,0.0,,,,1.0,0.0,0.0
585,1,3.0,1.6,1.0,23.07,31.25,50.8,38.71,0.84,0.0,,,,1.0,0.0,0.0
586,1,1.0,6.1,5.0,25.24,31.25,32.82,38.69,0.83,0.0,,,,1.0,0.0,0.0
587,2,3.0,1.6,5.0,31.78,31.25,50.11,38.69,0.83,0.0,,,,1.0,0.0,0.0
588,1,3.0,1.6,1.0,26.75,31.25,93.23,38.72,0.82,0.0,,,,1.0,0.0,0.0
589,1,3.0,1.6,3.0,31.09,31.25,15.55,38.69,0.82,0.0,,,,1.0,0.0,0.0
590,3,3.0,1.6,5.0,35.64,31.25,33.16,38.69,0.82,0.0,,,,1.0,0.0,0.0
591,2,3.0,1.6,6.0,36.58,31.25,25.34,38.69,0.82,0.0,,,,1.0,0.0,0.0
592,0,0.0,0.0,6.0,45.77,31.25,35.91,38.66,0.81,0.0,,,,1.0,0.0,0.0
593,0,0.0,0.0,6.0,52.39,31.25,48.43,38.65,0.81,0.0,,,,0.0,0.0,0.0
594,1,3.0,1.6,2.0,26.75,31.25,41.99,38.71,0.81,0.0,,,,1.0,0.0,0.0
595,2,3.0,1.6,4.0,27.41,31.25,49.9,38.7,0.81,0.0,,,,1.0,0.0,0.0
596,2,2.0,4.0,1.0,26.75,31.25,25.39,38.72,0.81,0.0,,,,1.0,0.0,0.0
597,2,2.0,4.0,2.0,26.75,31.25,45.03,38.71,0.8,0.0,,,,1.0,0.0,0.0
598,2,3.0,4.0,4.0,28.45,31.25,53.52,38.71,0.8,0.0,,,,1.0,0.0,0.0
599,2,3.0,1.6,5.0,34.95,31.25,52.7,38.7,0.8,0.0,,,,1.0,0.0,0.0
600,2,3.0,1.6,5.0,39.44,31.25,8.64,38.69,0.81,0.0,,,,1.0,0.0,0.0
601,1,1.0,2.7,7.0,44.37,31.25,43.56,38.68,0.8,0.0,,,,1.0,0.0,0.0
602,2,3.0,1.6,5.0,34.95,31.25,52.7,38.7,0.8,0.0,,,,1.0,0.0,0.0
603,1,1.0,2.7,7.0,49.25,31.25,169.49,38.65,0.8,0.0,,,,0.0,0.0,0.0
604,2,2.0,4.0,4.0,26.99,31.25,43.55,38.71,0.8,0.0,,,,0.0,0.0,0.0
605,2,2.0,4.0,1.0,26.73,31.25,23.33,38.72,0.8,0.0,,,,0.0,0.0,0.0
606,1,1.0,2.7,7.0,46.65,31.25,41.13,38.67,0.8,0.0,,,,0.0,0.0,0.0
607,1,1.0,4.0,3.0,26.2,31.25,39.6,38.71,0.8,0.0,,,,1.0,0.0,0.0
608,2,2.0,4.0,4.0,28.18,31.25,33.12,38.71,0.8,0.0,,,,1.0,0.0,0.0
609,2,2.0,4.0,4.0,30.62,31.25,39.66,38.7,0.79,0.0,,,,0.0,0.0,0.0
610,2,2.0,4.0,5.0,38.2,31.25,62.67,38.69,0.79,0.0,,,,1.0,0.0,0.0
611,1,1.0,2.7,5.0,46.59,31.25,32.49,38.68,0.79,0.0,,,,1.0,0.0,0.0
612,1,1.0,2.7,8.0,48.07,31.25,30.41,38.67,0.79,0.0,,,,1.0,0.0,0.0
613,1,1.0,2.7,8.0,48.07,31.25,30.41,38.67,0.79,0.0,,,,1.0,0.0,0.0
614,1,1.0,2.7,8.0,49.46,31.25,8.28,38.67,0.8,0.0,,,,1.0,0.0,0.0
615,3,3.0,1.1,8.0,74.7,31.25,10.11,38.62,0.8,0.0,,,,1.0,0.0,0.0
616,2,2.0,2.7,6.0,47.06,31.25,25.72,38.68,0.79,0.0,,,,1.0,0.0,0.0
617,3,3.0,2.7,8.0,56.36,31.25,52.53,38.64,0.79,0.0,,,,1.0,0.0,0.0
618,1,1.0,2.7,8.0,52.2,31.25,42.74,38.67,0.79,0.0,,,,1.0,0.0,0.0
619,1,1.0,2.7,8.0,54.63,31.25,40.45,38.66,0.79,0.0,,,,1.0,0.0,0.0
620,4,4.0,2.7,10.0,68.22,31.25,44.35,38.63,0.79,0.0,,,,1.0,0.0,0.0
621,4,5.0,1.1,10.0,81.72,31.25,41.13,38.62,0.79,0.0,,,,1.0,0.0,0.0
622,1,1.0,2.7,8.0,56.63,31.25,23.44,38.66,0.78,0.0,,,,1.0,0.0,0.0
623,1,1.0,4.0,5.0,33.58,31.25,58.75,38.7,0.79,0.0,,,,1.0,0.0,0.0
624,1,1.0,4.0,5.0,43.56,31.25,13.84,38.69,0.79,0.0,,,,1.0,0.0,0.0
625,2,2.0,2.7,6.0,49.57,31.25,40.39,38.68,0.79,0.0,,,,1.0,0.0,0.0
626,1,1.0,2.7,8.0,54.25,31.25,27.88,38.67,0.78,0.0,,,,1.0,0.0,0.0
627,1,1.0,2.7,8.0,57.0,31.25,25.92,38.66,0.78,0.0,,,,1.0,0.0,0.0
628,3,5.0,2.7,9.0,59.11,31.25,31.05,38.64,0.78,0.0,,,,1.0,0.0,0.0
629,4,5.0,2.7,9.0,75.53,31.25,45.94,38.62,0.78,0.0,,,,1.0,0.0,0.0
630,4,5.0,1.1,10.0,81.72,31.25,41.13,38.62,0.79,0.0,,,,1.0,0.0,0.0
631,0,1.0,4.0,7.0,45.57,31.25,39.6,38.68,0.78,0.0,,,,1.0,0.0,0.0
632,2,2.0,2.7,7.0,47.69,31.25,7.86,38.68,0.78,0.0,,,,1.0,0.0,0.0
633,2,2.0,2.7,8.0,53.46,31.25,58.03,38.67,0.78,0.0,,,,1.0,0.0,0.0
634,2,3.0,2.7,9.0,59.83,31.25,35.19,38.65,0.77,0.0,,,,1.0,0.0,0.0
635,1,3.0,2.7,8.0,59.84,31.25,25.92,38.64,0.78,0.0,,,,1.0,0.0,0.0
636,4,5.0,2.7,9.0,71.95,31.25,58.98,38.62,0.77,0.0,,,,1.0,0.0,0.0
637,0,1.0,4.0,7.0,41.09,31.25,69.52,38.69,0.78,0.0,,,,1.0,0.0,0.0
638,0,1.0,4.0,7.0,45.57,31.25,39.6,38.68,0.78,0.0,,,,1.0,0.0,0.0
639,2,2.0,2.7,7.0,52.02,31.25,29.03,38.67,0.78,0.0,,,,1.0,0.0,0.0
640,2,2.0,2.7,9.0,54.63,31.25,38.88,38.66,0.77,0.0,,,,1.0,0.0,0.0
641,2,3.0,2.7,9.0,59.66,31.25,31.13,38.65,0.77,0.0,,,,1.0,0.0,0.0
642,3,5.0,2.7,11.0,62.14,31.25,38.16,38.63,0.77,0.0,,,,1.0,0.0,0.0
643,4,5.0,2.7,9.0,69.08,31.25,58.85,38.62,0.77,0.0,,,,0.0,0.0,0.0
644,4,5.0,2.7,9.0,76.47,31.25,16.13,38.61,0.77,0.0,,,,1.0,0.0,0.0
645,3,3.0,4.3,10.0,87.85,31.25,37.76,38.6,0.77,0.0,,,,1.0,0.0,0.0
646,0,1.0,4.0,7.0,48.65,31.25,20.79,38.68,0.77,0.0,,,,1.0,0.0,0.0
647,1,1.0,4.0,7.0,51.31,31.25,29.78,38.67,0.77,0.0,,,,1.0,0.0,0.0
648,2,2.0,2.7,7.0,53.51,31.25,35.19,38.66,0.77,0.0,,,,1.0,0.0,0.0
649,0,1.0,4.0,7.0,50.51,31.25,54.43,38.67,0.77,0.0,,,,1.0,0.0,0.0
650,1,1.0,4.0,7.0,52.9,31.25,33.44,38.67,0.77,0.0,,,,1.0,0.0,0.0
651,3,3.0,2.7,8.0,58.33,31.25,31.75,38.65,0.76,0.0,,,,1.0,0.0,0.0
652,4,5.0,2.7,11.0,62.92,31.25,25.39,38.63,0.76,0.0,,,,1.0,0.0,0.0
653,4,5.0,2.7,9.0,74.82,31.25,12.05,38.61,0.76,0.0,,,,1.0,0.0,0.0
654,0,1.0,4.0,7.0,42.16,31.25,106.7,38.68,0.76,0.0,,,,1.0,0.0,0.0
655,3,2.0,3.4,7.0,58.51,31.25,31.81,38.65,0.76,0.0,,,,0.0,0.0,0.0
656,1,3.0,2.7,9.0,60.22,31.25,58.97,38.64,0.76,0.0,,,,1.0,0.0,0.0
657,4,5.0,2.7,10.0,62.86,31.25,64.63,38.63,0.76,0.0,,,,1.0,0.0,0.0
658,4,5.0,2.7,10.0,63.44,31.25,36.69,38.62,0.76,0.0,,,,1.0,0.0,0.0
659,4,5.0,2.7,9.0,70.32,31.25,24.8,38.61,0.76,0.0,,,,1.0,0.0,0.0
660,4,5.0,2.7,9.0,84.06,31.25,57.25,38.6,0.76,0.0,,,,0.0,0.0,0.0
661,1,1.0,4.0,7.0,53.95,31.25,20.78,38.67,0.75,0.0,,,,1.0,0.0,0.0
662,4,5.0,2.7,10.0,67.36,31.25,49.28,38.61,0.75,0.0,,,,0.0,0.0,0.0
663,4,5.0,2.7,9.0,82.86,31.25,16.33,38.6,0.75,0.0,,,,1.0,0.0,0.0
664,1,1.0,4.0,7.0,53.58,31.25,40.92,38.67,0.75,0.0,,,,1.0,0.0,0.0
665,3,5.0,2.3,11.0,59.33,31.25,210.77,38.63,0.75,0.0,,,,1.0,0.0,0.0
666,1,1.0,4.0,6.0,51.49,31.25,46.77,38.67,0.74,0.0,,,,1.0,0.0,0.0
667,0,0.0,0.0,0.0,53.78,31.25,628.14,38.66,0.83,0.0,,,,0.0,0.0,0.0
668,0,0.0,0.0,0.0,54.24,31.25,479.0,38.69,0.83,0.0,,,,1.0,0.0,0.0
669,0,0.0,0.0,0.0,58.88,31.25,77.76,38.68,0.8,0.0,,,,1.0,0.0,0.0
670,0,0.0,0.0,1.0,60.59,31.25,41.47,38.67,0.79,0.0,,,,1.0,0.0,0.0
671,0,0.0,0.0,1.0,58.95,31.25,24.48,38.66,0.79,0.0,,,,1.0,0.0,0.0
672,0,0.0,0.0,1.0,62.21,31.25,46.27,38.68,0.78,0.0,,,,0.0,0.0,0.0
673,0,0.0,0.0,1.0,63.1,31.25,26.14,38.66,0.77,0.0,,,,1.0,0.0,0.0
674,0,0.0,0.0,1.0,60.59,31.25,8.94,38.66,0.77,0.0,,,,1.0,0.0,0.0
675,0,0.0,0.0,1.0,62.83,31.25,30.34,38.67,0.76,0.0,,,,0.0,0.0,0.0
676,1,1.0,1.8,5.0,84.9,31.25,120.96,38.66,0.84,0.0,,,,0.0,0.0,0.0
677,0,1.0,1.8,6.0,98.66,31.25,209.16,38.65,0.84,0.0,,,,0.0,0.0,0.0
678,2,3.0,1.6,5.0,31.78,31.25,50.11,38.69,0.83,0.0,,,,0.0,0.0,0.0
679,3,3.0,1.6,5.0,35.64,31.25,33.16,38.69,0.82,0.0,,,,0.0,0.0,0.0
680,0,0.0,0.0,6.0,45.77,31.25,35.91,38.66,0.81,0.0,,,,1.0,1.0,0.0
681,0,0.0,0.0,6.0,52.39,31.25,48.43,38.65,0.81,0.0,,,,1.0,0.0,0.0
682,1,1.0,2.7,7.0,45.69,31.25,82.08,38.66,0.8,0.0,,,,0.0,1.0,0.0
683,2,3.0,4.0,4.0,28.45,31.25,53.52,38.71,0.8,0.0,,,,0.0,1.0,0.0
684,2,3.0,1.6,5.0,39.44,31.25,8.64,38.69,0.81,0.0,,,,0.0,0.0,0.0
685,1,1.0,3.3,2.0,28.46,31.25,1029.6,38.65,0.58,0.0,,,,0.0,0.0,0.0
686,1,1.0,3.3,4.0,35.98,31.25,463.8,38.61,0.56,0.0,,,,1.0,0.0,0.0
687,0,0.0,0.0,3.0,35.66,31.25,1073.23,38.61,0.53,0.0,,,,1.0,0.0,0.0
688,2,3.0,2.3,2.0,22.47,31.25,433.54,38.65,0.53,0.0,,,,0.0,0.0,0.0
689,1,1.0,6.3,2.0,0.0,31.25,27.72,38.68,0.58,0.0,,,,0.0,0.0,0.0
690,2,2.0,4.2,2.0,0.0,31.25,35.68,38.66,0.57,0.0,,,,0.0,0.0,0.0
691,1,1.0,6.3,2.0,0.0,31.25,23.99,38.68,0.57,0.0,,,,1.0,0.0,0.0
692,1,1.0,6.3,2.0,0.0,31.25,28.34,38.67,0.56,0.0,,,,0.0,0.0,0.0
693,2,2.0,4.2,2.0,0.0,31.25,10.02,38.66,0.56,0.0,,,,1.0,0.0,0.0
694,2,3.0,1.8,5.0,0.0,31.25,36.94,38.63,0.55,0.0,,,,0.0,0.0,0.0
695,2,2.0,1.8,8.0,6.23,31.25,19.48,38.6,0.54,0.0,,,,1.0,0.0,0.0
696,2,2.0,1.8,8.0,8.26,31.25,22.91,38.6,0.54,0.0,,,,1.0,0.0,0.0
697,1,1.0,6.3,2.0,0.0,31.25,17.11,38.67,0.56,0.0,,,,1.0,0.0,0.0
698,1,1.0,6.3,2.0,0.0,31.25,23.59,38.67,0.56,0.0,,,,1.0,0.0,0.0
699,2,2.0,1.8,6.0,23.4,31.25,32.57,38.62,0.54,0.0,,,,1.0,0.0,0.0
700,2,2.0,1.8,7.0,27.75,31.25,8.99,38.62,0.54,0.0,,,,0.0,0.0,0.0
701,2,2.0,1.8,7.0,26.51,31.25,16.89,38.61,0.54,0.0,,,,1.0,0.0,0.0
702,2,2.0,1.8,8.0,35.29,31.25,23.5,38.59,0.53,0.0,,,,1.0,0.0,0.0
703,1,1.0,6.3,2.0,0.0,31.25,25.27,38.67,0.56,0.0,,,,1.0,0.0,0.0
704,1,1.0,6.3,3.0,0.0,31.25,16.33,38.67,0.55,0.0,,,,1.0,0.0,0.0
705,1,1.0,6.3,3.0,0.0,31.25,18.14,38.66,0.55,0.0,,,,0.0,0.0,0.0
706,2,2.0,1.8,6.0,38.91,31.25,28.45,38.62,0.53,0.0,,,,0.0,0.0,0.0
707,2,2.0,1.8,6.0,35.69,31.25,14.76,38.62,0.53,0.0,,,,0.0,0.0,0.0
708,2,2.0,1.8,8.0,45.77,31.25,23.5,38.6,0.53,0.0,,,,1.0,0.0,0.0
709,1,1.0,1.7,10.0,48.82,31.25,17.64,38.59,0.53,0.0,,,,1.0,0.0,0.0
710,1,1.0,6.3,3.0,0.0,31.25,25.34,38.67,0.55,0.0,,,,1.0,0.0,0.0
711,1,2.0,0.8,3.0,79.77,31.25,38.71,38.64,0.53,0.0,,,,1.0,0.0,0.0
712,4,4.0,0.8,4.0,55.91,31.25,36.12,38.63,0.53,0.0,,,,1.0,0.0,0.0
713,2,2.0,1.8,10.0,49.31,31.25,60.78,38.6,0.52,0.0,,,,1.0,0.0,0.0
714,1,1.0,1.8,10.0,55.44,31.25,23.99,38.59,0.52,0.0,,,,1.0,0.0,0.0
715,1,1.0,1.7,10.0,58.32,31.25,20.79,38.58,0.52,0.0,,,,1.0,0.0,0.0
716,0,1.0,1.7,10.0,50.08,31.25,48.44,38.58,0.52,0.0,,,,0.0,0.0,0.0
717,4,5.0,0.9,10.0,50.58,31.25,16.29,38.58,0.52,0.0,,,,1.0,0.0,0.0
718,2,1.0,6.3,3.0,0.0,31.25,27.82,38.66,0.54,0.0,,,,0.0,0.0,0.0
719,2,2.0,0.8,3.0,0.0,31.25,21.77,38.66,0.54,0.0,,,,0.0,0.0,0.0
720,1,2.0,0.8,3.0,0.0,31.25,108.99,38.65,0.54,0.0,,,,1.0,0.0,0.0
721,2,2.0,1.8,9.0,46.28,31.25,143.77,38.6,0.52,0.0,,,,1.0,0.0,0.0
722,2,2.0,1.7,10.0,60.42,31.25,28.34,38.58,0.51,0.0,,,,1.0,0.0,0.0
723,1,2.0,0.8,3.0,90.09,31.25,41.76,38.64,0.53,0.0,,,,1.0,0.0,0.0
724,0,1.0,0.8,4.0,55.15,31.25,19.63,38.63,0.53,0.0,,,,1.0,0.0,0.0
725,0,1.0,0.8,6.0,48.97,31.25,57.02,38.62,0.52,0.0,,,,0.0,0.0,0.0
726,0,0.0,0.0,10.0,51.06,31.25,52.68,38.6,0.51,0.0,,,,1.0,0.0,0.0
727,0,0.0,0.0,10.0,64.83,31.25,41.98,38.58,0.51,0.0,,,,1.0,0.0,0.0
728,0,1.0,0.8,4.0,56.34,31.25,26.57,38.63,0.52,0.0,,,,1.0,0.0,0.0
729,0,1.0,0.8,5.0,51.14,31.25,58.92,38.62,0.52,0.0,,,,1.0,0.0,0.0
730,0,0.0,0.0,10.0,63.11,31.25,13.31,38.59,0.5,0.0,,,,1.0,0.0,0.0
731,0,0.0,0.0,9.0,51.75,31.25,49.28,38.6,0.5,0.0,,,,0.0,0.0,0.0
732,0,0.0,0.0,8.0,50.33,31.25,55.34,38.6,0.5,0.0,,,,1.0,0.0,0.0
733,1,1.0,1.8,11.0,62.85,31.25,41.98,38.58,0.49,0.0,,,,1.0,0.0,0.0
734,1,1.0,2.2,9.0,49.65,31.25,19.58,38.6,0.49,0.0,,,,1.0,0.0,0.0
735,2,2.0,1.8,11.0,58.7,31.25,185.07,38.58,0.48,0.0,,,,1.0,0.0,0.0
736,1,0.0,0.0,8.0,68.42,31.25,161.48,38.68,0.58,0.0,,,,0.0,0.0,0.0
737,2,3.0,5.0,10.0,67.98,31.25,97.78,38.67,0.57,0.0,,,,1.0,0.0,0.0
738,3,3.0,5.0,12.0,68.21,31.25,77.36,38.65,0.55,0.0,,,,1.0,0.0,0.0
739,3,3.0,5.0,11.0,68.22,31.25,40.44,38.65,0.55,0.0,,,,0.0,0.0,0.0
740,3,3.0,5.0,12.0,67.96,31.25,79.63,38.66,0.55,0.0,,,,0.0,0.0,0.0
741,3,3.0,5.0,12.0,68.22,31.25,45.16,38.64,0.54,0.0,,,,0.0,0.0,0.0
742,2,2.0,5.0,12.0,68.04,31.25,41.63,38.63,0.53,0.0,,,,0.0,0.0,0.0
743,3,4.0,2.8,12.0,63.1,31.25,234.76,38.61,0.52,0.0,,,,1.0,0.0,0.0
744,3,3.0,5.0,12.0,64.59,31.25,47.0,38.64,0.53,0.0,,,,1.0,0.0,0.0
745,3,3.0,5.0,12.0,66.66,31.25,204.68,38.63,0.53,0.0,,,,0.0,0.0,0.0
746,5,6.0,2.2,12.0,66.18,31.25,63.68,38.62,0.52,0.0,,,,1.0,0.0,0.0
747,3,3.0,5.0,12.0,64.31,31.25,101.97,38.64,0.53,0.0,,,,0.0,0.0,0.0
748,2,4.0,2.2,12.0,60.91,31.25,126.92,38.61,0.51,0.0,,,,0.0,0.0,0.0
749,3,4.0,2.2,10.0,51.86,31.25,54.46,38.62,0.51,0.0,,,,0.0,0.0,0.0
750,4,6.0,2.2,12.0,51.11,31.25,13.82,38.62,0.51,0.0,,,,1.0,0.0,0.0
751,2,4.0,2.2,12.0,48.08,31.25,133.1,38.6,0.5,0.0,,,,0.0,0.0,0.0
752,4,6.0,2.2,10.0,42.98,31.25,47.52,38.61,0.5,0.0,,,,1.0,0.0,0.0
753,3,6.0,2.2,12.0,46.78,31.25,46.77,38.61,0.5,0.0,,,,1.0,0.0,0.0
754,3,4.0,2.2,10.0,36.12,31.25,40.45,38.61,0.5,0.0,,,,0.0,0.0,0.0
755,2,4.0,2.2,11.0,35.03,31.25,38.19,38.6,0.5,0.0,,,,0.0,0.0,0.0
756,5,6.0,1.9,10.0,33.8,31.25,18.14,38.62,0.5,0.0,,,,0.0,0.0,0.0
757,5,7.0,1.9,11.0,22.59,31.25,42.6,38.61,0.49,0.0,,,,1.0,0.0,0.0
758,3,5.0,2.2,10.0,25.73,31.25,7.92,38.61,0.49,0.0,,,,1.0,0.0,0.0
759,4,6.0,2.2,10.0,24.44,31.25,50.54,38.6,0.49,0.0,,,,1.0,0.0,0.0
760,4,6.0,2.2,11.0,25.25,31.25,15.87,38.6,0.49,0.0,,,,1.0,0.0,0.0
761,2,4.0,2.2,11.0,24.82,31.25,18.79,38.59,0.49,0.0,,,,0.0,0.0,0.0
762,1,3.0,4.7,9.0,57.58,31.25,15.9,38.61,0.39,0.0,,,,1.0,0.0,0.0
763,1,1.0,7.9,7.0,0.0,31.25,22.68,38.66,0.44,0.0,,,,1.0,0.0,0.0
764,3,4.0,4.7,9.0,0.0,31.25,43.55,38.63,0.4,0.0,,,,1.0,0.0,0.0
765,3,4.0,4.7,10.0,0.0,31.25,54.37,38.62,0.4,0.0,,,,1.0,0.0,0.0
766,4,6.0,2.8,9.0,0.0,31.25,29.72,38.63,0.4,0.0,,,,1.0,0.0,0.0
767,4,6.0,2.8,10.0,0.0,31.25,41.21,38.62,0.39,0.0,,,,1.0,0.0,0.0
768,2,3.0,4.7,11.0,75.76,31.25,370.92,38.6,0.38,0.0,,,,1.0,0.0,0.0
769,1,1.0,3.1,4.0,0.0,31.25,18.66,38.69,0.47,0.0,,,,1.0,0.0,0.0
770,1,1.0,3.1,4.0,0.0,31.25,35.28,38.69,0.47,0.0,,,,1.0,0.0,0.0
771,2,2.0,5.2,8.0,0.0,31.25,49.2,38.65,0.43,0.0,,,,1.0,0.0,0.0
772,2,3.0,2.8,8.0,0.0,31.25,73.01,38.64,0.42,0.0,,,,1.0,0.0,0.0
773,2,3.0,2.8,8.0,0.0,31.25,41.21,38.63,0.41,0.0,,,,1.0,0.0,0.0
774,4,6.0,2.8,8.0,0.0,31.25,38.94,38.63,0.41,0.0,,,,1.0,0.0,0.0
775,4,6.0,2.8,10.0,0.0,31.25,41.21,38.62,0.39,0.0,,,,1.0,0.0,0.0
776,3,4.0,4.7,12.0,59.01,31.25,45.16,38.61,0.38,0.0,,,,1.0,0.0,0.0
777,4,6.0,2.8,10.0,0.0,31.25,38.94,38.62,0.4,0.0,,,,1.0,0.0,0.0
778,5,6.0,2.8,11.0,30.79,31.25,34.99,38.61,0.39,0.0,,,,1.0,0.0,0.0
779,2,3.0,4.7,12.0,79.4,31.25,44.35,38.6,0.38,0.0,,,,1.0,0.0,0.0
780,2,2.0,3.1,8.0,0.0,31.25,27.52,38.66,0.44,0.0,,,,1.0,0.0,0.0
781,1,1.0,5.2,8.0,0.0,31.25,40.78,38.65,0.44,0.0,,,,1.0,0.0,0.0
782,3,3.0,2.8,8.0,0.0,31.25,51.83,38.64,0.42,0.0,,,,1.0,0.0,0.0
783,2,3.0,2.8,8.0,0.0,31.25,49.28,38.63,0.41,0.0,,,,1.0,0.0,0.0
784,4,5.0,2.8,8.0,0.0,31.25,50.95,38.62,0.4,0.0,,,,1.0,0.0,0.0
785,5,5.0,2.8,10.0,0.0,31.25,38.92,38.61,0.39,0.0,,,,1.0,0.0,0.0
786,1,1.0,3.1,4.0,0.0,31.25,32.66,38.68,0.46,0.0,,,,1.0,0.0,0.0
787,2,3.0,3.1,6.0,0.0,31.25,40.39,38.67,0.45,0.0,,,,1.0,0.0,0.0
788,3,3.0,2.8,8.0,0.0,31.25,46.73,38.64,0.42,0.0,,,,1.0,0.0,0.0
789,3,3.0,2.8,8.0,0.0,31.25,44.35,38.63,0.41,0.0,,,,1.0,0.0,0.0
790,5,5.0,2.8,9.0,0.0,31.25,38.19,38.62,0.4,0.0,,,,1.0,0.0,0.0
791,5,5.0,2.8,13.0,56.3,31.25,36.69,38.61,0.39,0.0,,,,1.0,0.0,0.0
792,2,3.0,4.7,13.0,84.57,31.25,102.27,38.6,0.37,0.0,,,,0.0,0.0,0.0
793,2,3.0,4.7,12.0,89.45,31.25,35.94,38.58,0.36,0.0,,,,1.0,0.0,0.0
794,5,6.0,2.8,13.0,74.69,31.25,45.14,38.6,0.38,0.0,,,,1.0,0.0,0.0
795,2,3.0,3.1,4.0,0.0,31.25,35.11,38.67,0.46,0.0,,,,1.0,0.0,0.0
796,3,3.0,2.8,8.0,0.0,31.25,70.55,38.63,0.41,0.0,,,,1.0,0.0,0.0
797,3,3.0,2.8,8.0,0.0,31.25,15.84,38.63,0.41,0.0,,,,1.0,0.0,0.0
798,3,3.0,2.8,8.0,0.0,31.25,50.95,38.62,0.4,0.0,,,,1.0,0.0,0.0
799,4,4.0,2.8,8.0,0.0,31.25,44.32,38.61,0.39,0.0,,,,1.0,0.0,0.0
800,5,5.0,2.8,11.0,61.66,31.25,36.72,38.6,0.38,0.0,,,,0.0,0.0,0.0
801,4,5.0,3.9,13.0,90.95,31.25,36.29,38.58,0.36,0.0,,,,0.0,0.0,0.0
802,3,3.0,2.8,8.0,0.0,31.25,34.52,38.62,0.4,0.0,,,,1.0,0.0,0.0
803,4,4.0,2.8,10.0,25.69,31.25,28.48,38.61,0.39,0.0,,,,1.0,0.0,0.0
804,7,8.0,2.8,13.0,86.32,31.25,87.48,38.59,0.37,0.0,,,,0.0,0.0,0.0
805,4,5.0,2.8,8.0,0.0,31.25,33.16,38.64,0.42,0.0,,,,1.0,0.0,0.0
806,3,5.0,2.8,8.0,0.0,31.25,33.16,38.63,0.41,0.0,,,,1.0,0.0,0.0
807,4,4.0,2.8,9.0,0.0,31.25,46.77,38.61,0.39,0.0,,,,1.0,0.0,0.0
808,7,7.0,2.8,11.0,78.32,31.25,59.88,38.6,0.38,0.0,,,,0.0,0.0,0.0
809,4,4.0,3.9,13.0,91.41,31.25,38.58,38.58,0.36,0.0,,,,0.0,0.0,0.0
810,4,4.0,3.9,13.0,92.9,31.25,25.2,38.58,0.36,0.0,,,,0.0,0.0,0.0
811,3,5.0,3.1,6.0,0.0,31.25,46.79,38.66,0.44,0.0,,,,1.0,0.0,0.0
812,4,6.0,2.8,8.0,0.0,31.25,62.5,38.64,0.42,0.0,,,,1.0,0.0,0.0
813,3,4.0,2.8,8.0,0.0,31.25,63.71,38.62,0.4,0.0,,,,1.0,0.0,0.0
814,2,3.0,2.8,8.0,0.0,31.25,84.46,38.62,0.4,0.0,,,,1.0,0.0,0.0
815,5,5.0,2.8,13.0,90.21,31.25,21.25,38.58,0.37,0.0,,,,0.0,0.0,0.0
816,3,4.0,3.1,4.0,0.0,31.25,31.68,38.66,0.46,0.0,,,,0.0,0.0,0.0
817,2,5.0,3.1,4.0,0.0,31.25,32.82,38.66,0.45,0.0,,,,1.0,0.0,0.0
818,4,4.0,3.9,14.0,94.63,31.25,31.68,38.57,0.35,0.0,,,,1.0,0.0,0.0
819,4,4.0,3.9,14.0,94.59,31.25,16.29,38.57,0.35,0.0,,,,1.0,0.0,0.0
820,2,6.0,2.8,8.0,0.0,31.25,58.32,38.64,0.43,0.0,,,,1.0,0.0,0.0
821,4,5.0,2.8,9.0,96.1,31.25,714.14,38.61,0.4,0.0,,,,0.0,0.0,0.0
822,5,5.0,2.8,13.0,92.76,31.25,27.86,38.58,0.36,0.0,,,,0.0,0.0,0.0
823,3,6.0,2.8,7.0,0.0,31.25,54.66,38.64,0.43,0.0,,,,1.0,0.0,0.0
824,2,2.0,2.8,9.0,75.48,31.25,60.74,38.59,0.38,0.0,,,,1.0,0.0,0.0
825,3,3.0,2.8,9.0,97.06,31.25,41.18,38.6,0.39,0.0,,,,0.0,0.0,0.0
826,4,5.0,2.8,9.0,97.06,31.25,58.85,38.61,0.4,0.0,,,,1.0,0.0,0.0
827,2,2.0,3.7,3.0,94.45,31.25,43.5,38.6,0.38,0.0,,,,1.0,0.0,0.0
828,3,3.0,2.2,4.0,94.45,31.25,59.73,38.64,0.43,0.0,,,,1.0,0.0,0.0
829,0,0.0,0.0,4.0,94.66,31.25,89.11,38.61,0.4,0.0,,,,1.0,0.0,0.0
830,0,0.0,0.0,4.0,94.63,31.25,50.07,38.59,0.37,0.0,,,,1.0,0.0,0.0
831,0,0.0,0.0,5.0,94.66,31.25,20.74,38.62,0.4,0.0,,,,1.0,0.0,0.0
832,0,0.0,0.0,5.0,94.66,31.25,49.28,38.62,0.41,0.0,,,,0.0,0.0,0.0
833,0,0.0,0.0,6.0,94.72,31.25,27.22,38.57,0.36,0.0,,,,1.0,0.0,0.0
834,0,0.0,0.0,3.0,94.66,31.25,40.45,38.64,0.43,0.0,,,,1.0,0.0,0.0
835,0,0.0,0.0,5.0,94.66,31.25,48.08,38.62,0.41,0.0,,,,0.0,0.0,0.0
836,1,1.0,5.7,3.0,94.55,31.25,107.31,38.64,0.44,0.0,,,,0.0,0.0,0.0
837,0,0.0,0.0,3.0,94.66,31.25,85.19,38.62,0.41,0.0,,,,1.0,0.0,0.0
838,0,0.0,0.0,5.0,94.73,31.25,43.43,38.59,0.38,0.0,,,,1.0,0.0,0.0
839,2,2.0,2.3,3.0,94.13,31.25,65.52,38.65,0.45,0.0,,,,1.0,0.0,0.0
840,1,1.0,2.3,3.0,94.66,31.25,36.72,38.63,0.43,0.0,,,,1.0,0.0,0.0
841,0,0.0,0.0,5.0,94.58,31.25,44.32,38.6,0.39,0.0,,,,0.0,0.0,0.0
842,0,0.0,0.0,3.0,94.66,31.25,48.31,38.62,0.42,0.0,,,,1.0,0.0,0.0
843,0,0.0,0.0,6.0,94.82,31.25,78.62,38.59,0.37,0.0,,,,0.0,0.0,0.0
844,1,1.0,2.3,3.0,94.66,31.25,33.87,38.62,0.42,0.0,,,,1.0,0.0,0.0
845,1,1.0,2.3,3.0,94.66,31.25,37.4,38.61,0.41,0.0,,,,0.0,0.0,0.0
846,1,1.0,2.3,3.0,94.66,31.25,32.46,38.61,0.4,0.0,,,,1.0,0.0,0.0
847,0,0.0,0.0,5.0,94.69,31.25,16.29,38.6,0.39,0.0,,,,1.0,0.0,0.0
848,0,0.0,0.0,0.0,0.0,0.0,12.1,38.66,0.43,0.0,,,,1.0,0.0,2.0
849,0,0.0,0.0,0.0,0.0,0.06,17.97,38.65,0.43,0.0,,,,1.0,0.0,0.0
850,0,0.0,0.0,0.0,0.0,0.06,23.62,38.65,0.43,0.0,,,,1.0,0.0,2.0
851,0,0.0,0.0,0.0,0.0,0.06,25.83,38.64,0.42,0.0,,,,1.0,1.0,0.0
852,0,0.0,0.0,0.0,0.0,0.09,32.5,38.64,0.42,0.0,,,,1.0,0.0,0.0
853,0,0.0,0.0,0.0,0.0,0.06,35.14,38.64,0.42,0.0,,,,1.0,0.0,2.0
854,0,0.0,0.0,0.0,0.0,0.06,10.11,38.64,0.41,0.0,,,,1.0,0.0,2.0
855,0,0.0,0.0,1.0,0.0,0.06,32.05,38.63,0.4,0.0,,,,0.0,0.0,0.0
856,0,0.0,0.0,0.0,0.0,0.09,62.02,38.66,0.44,0.0,,,,0.0,0.0,0.0
857,0,0.0,0.0,0.0,0.0,0.0,33.12,38.63,0.41,0.0,,,,1.0,0.0,0.0
858,0,0.0,0.0,1.0,0.0,0.06,31.88,38.62,0.4,0.0,,,,1.0,1.0,0.0
859,0,0.0,0.0,0.0,0.0,0.0,13.71,38.63,0.41,0.0,,,,1.0,0.0,0.0
860,0,0.0,0.0,1.0,0.0,0.06,28.22,38.63,0.41,0.0,,,,1.0,0.0,0.0
861,0,0.0,0.0,2.0,0.0,0.09,46.73,38.61,0.39,0.0,,,,1.0,0.0,0.0
862,0,0.0,0.0,0.0,0.0,0.09,55.71,38.68,0.46,0.0,,,,1.0,0.0,0.0
863,0,0.0,0.0,0.0,0.0,0.06,56.16,38.67,0.46,0.0,,,,0.0,0.0,0.0
864,0,0.0,0.0,0.0,0.0,0.06,25.72,38.67,0.45,0.0,,,,0.0,1.0,0.0
865,0,0.0,0.0,0.0,0.0,0.09,29.16,38.66,0.45,0.0,,,,1.0,0.0,0.0
866,0,0.0,0.0,0.0,0.0,0.09,25.44,38.66,0.44,0.0,,,,1.0,0.0,0.0
867,0,0.0,0.0,0.0,0.0,0.06,31.1,38.64,0.43,0.0,,,,1.0,0.0,0.0
868,0,0.0,0.0,0.0,0.0,0.06,33.7,38.64,0.42,0.0,,,,0.0,0.0,0.0
869,0,0.0,0.0,0.0,0.0,0.06,34.85,38.63,0.41,0.0,,,,0.0,0.0,0.0
870,0,0.0,0.0,1.0,0.0,0.06,42.6,38.63,0.41,0.0,,,,1.0,1.0,0.0
871,0,0.0,0.0,1.0,0.0,0.06,29.64,38.62,0.4,0.0,,,,1.0,0.0,0.0
872,0,0.0,0.0,2.0,0.0,0.0,42.11,38.61,0.4,0.0,,,,1.0,1.0,0.0
873,0,0.0,0.0,2.0,0.0,0.06,87.84,38.61,0.39,0.0,,,,1.0,0.0,0.0
874,0,0.0,0.0,2.0,1.27,0.56,8.32,38.6,0.37,0.0,,,,1.0,0.0,0.0
875,0,0.0,0.0,0.0,0.0,0.06,41.62,38.63,0.42,0.0,,,,0.0,1.0,0.0
876,0,0.0,0.0,2.0,0.0,5.35,328.32,38.61,0.4,0.0,,,,0.0,1.0,0.0
877,0,0.0,0.0,2.0,0.7,0.0,16.13,38.6,0.38,0.0,,,,0.0,1.0,0.0
878,0,0.0,0.0,3.0,2.31,0.09,70.49,38.59,0.37,0.0,,,,1.0,0.0,0.0
879,0,0.0,0.0,3.0,4.59,1.43,20.28,38.59,0.37,0.0,,,,0.0,1.0,0.0
880,0,0.0,4.0,7.84,2.43,35.94,38581.08,0.36,0.38,0.0,,,,0.0,0.0,0.0
881,0,0.0,0.0,3.0,2.35,0.0,61.69,38.59,0.38,0.0,,,,1.0,0.0,0.0
882,0,0.0,0.0,4.0,5.92,0.09,34.83,38.58,0.37,0.0,,,,1.0,0.0,0.0
883,0,0.0,0.0,4.0,5.62,0.06,43.23,38.58,0.37,0.0,,,,0.0,0.0,0.0
884,0,0.0,0.0,4.0,9.46,0.38,38.42,38.58,0.36,0.0,,,,1.0,0.0,0.0
885,0,0.0,0.0,1.0,0.0,0.06,119.58,38.62,0.41,0.0,,,,0.0,1.0,0.0
886,1,0.0,0.0,4.0,10.97,8.11,102.73,38.57,0.36,0.0,,,,1.0,0.0,0.0
887,1,1.0,7.1,0.0,0.0,1.46,36.29,38.62,0.42,0.0,,,,1.0,0.0,0.0
888,1,2.0,1.2,4.0,13.71,14.35,35.11,38.56,0.35,0.0,,,,1.0,1.0,0.0
889,1,1.0,7.1,4.0,10.28,19.86,43.96,38.57,0.36,0.0,,,,1.0,1.0,0.0
890,2,3.0,1.2,4.0,13.39,21.5,43.03,38.56,0.35,0.0,,,,1.0,1.0,0.0
891,0,0.0,0.0,1.0,0.06,0.0,58.98,38.69,0.47,0.0,,,,1.0,0.0,0.0
892,1,0.0,0.0,1.0,0.05,0.06,25.83,38.67,0.46,0.0,,,,1.0,0.0,0.0
893,0,0.0,0.0,1.0,17.89,0.06,16.07,38.59,0.37,0.0,,,,1.0,0.0,0.0
894,0,0.0,0.0,1.0,0.05,0.0,61.29,38.68,0.47,0.0,,,,0.0,1.0,0.0
895,0,0.0,0.0,1.0,0.05,0.06,39.08,38.68,0.46,0.0,,,,1.0,0.0,0.0
896,1,1.0,1.7,1.0,0.05,0.06,38.19,38.67,0.45,0.0,,,,1.0,0.0,0.0
897,1,1.0,1.7,1.0,0.05,0.06,50.08,38.67,0.46,0.0,,,,1.0,0.0,0.0
898,1,1.0,1.7,1.0,0.05,3.0,47.43,38.66,0.45,0.0,,,,0.0,0.0,0.0
899,2,2.0,1.7,1.0,0.04,10.52,120.12,38.67,0.46,0.0,,,,1.0,0.0,0.0
900,1,1.0,1.7,1.0,0.04,6.95,43.75,38.66,0.45,0.0,,,,0.0,0.0,0.0
901,1,1.0,1.7,1.0,0.04,9.16,35.29,38.66,0.45,0.0,,,,0.0,0.0,0.0
902,1,1.0,1.7,1.0,0.04,13.04,30.53,38.65,0.44,0.0,,,,0.0,1.0,0.0
903,1,1.0,1.7,1.0,0.04,17.85,37.09,38.65,0.43,0.0,,,,0.0,0.0,0.0
904,1,1.0,1.7,2.0,3.05,4.25,8.61,38.64,0.42,0.0,,,,1.0,0.0,0.0
905,1,1.0,1.7,2.0,3.05,4.25,8.61,38.64,0.42,0.0,,,,1.0,0.0,0.0
906,1,1.0,1.7,2.0,0.04,20.42,28.45,38.65,0.43,0.0,,,,0.0,0.0,0.0
907,1,1.0,1.7,2.0,2.69,5.63,8.64,38.64,0.42,0.0,,,,1.0,0.0,0.0
908,1,1.0,1.7,4.0,2.73,4.92,5.53,38.63,0.42,0.0,,,,1.0,1.0,0.0
909,2,3.0,1.7,1.0,0.01,21.53,33.44,38.66,0.45,0.0,,,,0.0,0.0,0.0
910,2,3.0,1.7,4.0,0.04,25.08,24.62,38.65,0.44,0.0,,,,0.0,0.0,0.0
911,2,1.0,1.7,4.0,0.14,18.35,33.58,38.64,0.42,0.0,,,,0.0,0.0,0.0
912,2,3.0,1.7,1.0,0.0,26.37,58.62,38.66,0.46,0.0,,,,0.0,0.0,0.0
913,2,3.0,1.7,1.0,0.0,27.31,31.1,38.66,0.45,0.0,,,,0.0,0.0,0.0
914,2,3.0,1.7,1.0,0.0,35.16,27.24,38.66,0.45,0.0,,,,0.0,0.0,0.0
915,2,3.0,1.7,3.0,0.0,32.63,36.12,38.65,0.44,0.0,,,,0.0,0.0,0.0
916,2,3.0,1.7,4.0,0.0,32.37,36.94,38.65,0.44,0.0,,,,1.0,0.0,0.0
917,3,3.0,1.7,4.0,0.01,31.17,23.44,38.64,0.43,0.0,,,,1.0,0.0,0.0
918,2,1.0,1.7,4.0,0.14,18.35,33.58,38.64,0.42,0.0,,,,1.0,1.0,0.0
919,2,3.0,1.7,4.0,0.0,38.93,59.67,38.64,0.44,0.0,,,,1.0,0.0,0.0
920,2,3.0,1.7,3.0,0.0,40.31,17.5,38.65,0.45,0.0,,,,1.0,0.0,0.0
921,3,3.0,1.7,5.0,0.0,30.37,67.32,38.64,0.43,0.0,,,,1.0,1.0,0.0
922,1,1.0,9.0,3.0,0.0,0.06,12.53,38.68,0.46,0.0,,,,1.0,0.0,0.0
923,1,1.0,9.0,5.0,0.0,0.0,37.32,38.66,0.44,0.0,,,,1.0,1.0,0.0
924,3,3.0,4.3,2.0,0.0,0.0,31.1,38.7,0.48,0.0,,,,1.0,1.0,0.0
925,3,3.0,4.3,2.0,0.0,0.09,28.93,38.71,0.48,0.0,,,,1.0,0.0,2.0
926,2,2.0,2.0,5.0,0.0,0.09,5.4,38.64,0.41,0.0,,,,1.0,0.0,0.0
927,2,3.0,1.7,2.0,0.0,11.06,83.94,38.65,0.43,0.0,,,,0.0,0.0,0.0
928,2,3.0,1.7,3.0,0.0,8.4,44.64,38.65,0.42,0.0,,,,1.0,1.0,0.0
929,0,0.0,0.0,1.0,0.28,0.06,151.26,38.65,0.43,0.0,,,,1.0,0.0,1.0
930,0,0.0,0.0,2.0,32.14,20.63,15.52,38.71,0.49,0.0,,,,1.0,0.0,2.0
931,0,0.0,0.0,2.0,30.88,14.26,21.54,38.71,0.48,0.0,,,,1.0,1.0,0.0
932,0,0.0,0.0,2.0,29.92,3.62,50.34,38.7,0.47,0.0,,,,0.0,0.0,2.0
933,0,0.0,0.0,6.0,20.32,3.03,27.91,38.63,0.41,0.0,,,,1.0,0.0,0.0
934,1,1.0,53.5,2.0,30.92,44.72,157.32,38.71,0.49,0.0,,,,0.0,0.0,0.0
935,0,1.0,3.5,1.0,0.51,12.69,40.09,38.7,0.47,0.0,,,,0.0,1.0,0.0
936,0,0.0,0.0,1.0,0.0,0.0,53.22,39.16,1.35,0.0,,,,1.0,0.0,0.0
937,0,0.0,0.0,2.0,0.0,8.6,5.07,39.14,1.33,0.0,,,,1.0,0.0,0.0
938,0,0.0,0.0,0.0,0.0,0.06,13.31,39.16,1.33,0.0,,,,1.0,0.0,2.0
939,0,0.0,0.0,1.0,1.43,0.0,111.28,39.19,1.35,0.0,,,,1.0,0.0,0.0
940,0,0.0,0.0,2.0,1.19,0.06,48.24,39.18,1.32,0.0,,,,1.0,0.0,0.0
941,0,0.0,0.0,2.0,1.25,0.06,81.65,39.18,1.32,0.0,,,,1.0,0.0,0.0
942,2,2.0,4.1,9.0,4.35,137.22,417.38,39.84,1.91,0.0,,,,1.0,0.0,0.0
943,0,0.0,0.0,0.0,6.29,0.06,20.53,39.9,1.85,0.0,,,,1.0,0.0,2.0
944,0,0.0,0.0,2.0,7.34,0.06,5.44,39.88,1.85,0.0,,,,1.0,1.0,0.0
945,울진 금강송면 삼근 1리 마을회관,,,,,,,,,,,,,,,
946,1,1.0,8.2,1.0,94.82,0.0,192.84,16.65,14.19,0.0,,28.0,10.0,1.0,0.0,0.0
947,1,1.0,8.2,2.0,94.94,4.13,287.48,16.66,14.2,0.0,,10.0,8.0,0.0,0.0,0.0
948,1,1.0,8.2,2.0,95.06,6.62,36.75,16.67,14.18,0.0,,5.0,5.0,1.0,0.0,0.0
949,1,1.0,8.2,2.0,94.78,3.78,17.96,16.67,14.19,0.0,,23.0,10.0,1.0,0.0,0.0
950,1,1.0,8.2,2.0,94.66,0.38,22.12,16.67,14.18,0.0,,23.0,10.0,1.0,1.0,0.0
951,1,1.0,8.2,2.0,93.74,0.06,141.03,16.68,14.18,0.0,,17.0,9.0,1.0,0.0,0.0
952,1,1.0,8.2,2.0,94.52,0.09,58.82,16.69,14.17,0.0,,29.0,14.0,1.0,0.0,0.0
953,1,1.0,8.2,3.0,93.88,0.06,22.44,16.68,14.17,0.0,,21.0,12.0,1.0,1.0,0.0
954,1,1.0,8.2,3.0,93.65,0.09,29.1,16.69,14.16,0.0,,25.0,14.0,0.0,1.0,0.0
955,1,1.0,8.2,3.0,92.89,0.0,33.18,16.69,14.17,0.0,,19.0,13.0,0.0,0.0,0.0
956,1,1.0,2.1,4.0,92.96,0.06,19.76,16.69,14.17,0.0,,16.0,6.0,1.0,0.0,0.0
957,1,1.0,2.1,4.0,93.11,0.06,42.77,16.7,14.17,1.0,0.0,9.0,6.0,0.0,0.0,0.0
958,0,0.0,0.0,3.0,90.97,0.0,85.19,16.71,14.15,0.0,,24.0,12.0,0.0,1.0,0.0
959,1,1.0,2.1,4.0,92.52,0.06,59.47,16.7,14.16,0.0,,15.0,6.0,1.0,0.0,0.0
960,1,1.0,2.1,4.0,92.3,0.09,32.82,16.71,14.16,0.0,,13.0,6.0,1.0,1.0,0.0
961,1,1.0,2.1,4.0,93.11,0.06,42.77,16.7,14.17,1.0,0.0,6.0,6.0,1.0,0.0,0.0
962,1,1.0,2.1,5.0,93.0,0.06,29.38,16.7,14.16,1.0,0.0,8.0,6.0,1.0,1.0,0.0
963,0,0.0,0.0,4.0,90.98,0.0,53.57,16.71,14.15,0.0,,13.0,6.0,0.0,1.0,0.0
964,1,1.0,2.1,5.0,91.15,0.06,41.96,16.72,14.15,0.0,,12.0,6.0,1.0,0.0,0.0
965,1,1.0,2.2,3.0,89.87,0.06,42.94,16.72,14.14,0.0,,24.0,12.0,1.0,0.0,0.0
966,2,3.0,2.1,5.0,93.43,11.25,37.44,16.69,14.18,0.0,,14.0,10.0,1.0,0.0,0.0
967,0,0.0,0.0,4.0,90.22,0.06,32.28,16.73,14.14,0.0,,13.0,6.0,1.0,0.0,0.0
968,1,1.0,2.2,3.0,89.28,0.06,56.22,16.73,14.13,0.0,,22.0,13.0,1.0,1.0,0.0
969,1,1.0,2.2,4.0,89.63,0.09,22.68,16.73,14.13,0.0,,13.0,6.0,1.0,1.0,0.0
970,1,1.0,2.2,3.0,89.28,0.06,56.22,16.73,14.13,0.0,,21.0,14.0,0.0,0.0,0.0
971,1,1.0,2.2,3.0,89.09,0.0,16.65,16.74,14.13,0.0,,14.0,13.0,1.0,1.0,0.0
972,1,1.0,2.2,3.0,89.29,0.09,4.65,16.74,14.13,0.0,,13.0,9.0,1.0,0.0,0.0
973,1,1.0,2.2,2.0,91.24,0.38,67.54,16.74,14.12,0.0,,20.0,14.0,0.0,0.0,0.0
974,2,3.0,2.9,7.0,98.64,173.68,38.23,16.66,14.19,0.0,,30.0,10.0,1.0,0.0,0.0
975,3,4.0,1.8,8.0,98.63,165.35,7.6,16.67,14.18,0.0,,30.0,10.0,1.0,0.0,0.0
976,4,5.0,1.8,10.0,98.59,142.07,10.44,16.67,14.19,0.0,,14.0,5.0,1.0,0.0,0.0
977,5,6.0,1.8,11.0,98.56,139.03,20.3,16.68,14.17,0.0,,21.0,12.0,1.0,0.0,0.0
978,5,9.0,1.8,11.0,98.62,135.27,16.56,16.68,14.17,0.0,,18.0,11.0,1.0,0.0,0.0
979,1,1.0,1.4,7.0,98.72,169.52,34.63,16.69,14.15,0.0,,56.0,13.0,1.0,0.0,0.0
980,2,2.0,1.4,7.0,98.71,164.27,30.53,16.69,14.15,0.0,,53.0,14.0,1.0,0.0,0.0
981,2,2.0,1.4,7.0,98.67,155.31,8.55,16.69,14.15,1.0,0.0,6.0,5.0,1.0,0.0,0.0
982,6,8.0,1.8,11.0,98.66,132.16,45.16,16.69,14.17,0.0,,22.0,14.0,0.0,0.0,0.0
983,5,8.0,1.8,11.0,98.65,129.03,14.11,16.69,14.17,0.0,,19.0,13.0,1.0,0.0,0.0
984,4,8.0,1.8,11.0,98.66,126.8,147.83,16.69,14.17,0.0,,16.0,6.0,1.0,0.0,0.0
985,2,2.0,1.4,7.0,98.72,158.32,62.67,16.7,14.14,0.0,,26.0,13.0,1.0,0.0,0.0
986,2,2.0,1.4,7.0,98.66,148.7,8.16,16.7,14.14,0.0,,26.0,21.0,1.0,0.0,0.0
987,2,2.0,1.4,7.0,98.72,158.32,62.67,16.7,14.14,0.0,,16.0,6.0,1.0,0.0,0.0
988,2,2.0,1.4,7.0,98.72,158.32,62.67,16.7,14.14,0.0,,15.0,6.0,1.0,0.0,0.0
989,2,2.0,1.4,3.0,98.07,170.93,18.14,16.71,14.13,0.0,,15.0,6.0,1.0,0.0,0.0
990,3,4.0,1.8,12.0,98.65,123.74,23.44,16.7,14.15,0.0,,26.0,12.0,1.0,0.0,0.0
991,5,7.0,1.8,11.0,98.6,117.22,533.23,16.7,14.16,0.0,,16.0,6.0,1.0,0.0,0.0
992,2,2.0,1.4,3.0,98.07,170.93,18.14,16.71,14.13,0.0,,15.0,6.0,1.0,0.0,0.0
993,2,2.0,1.4,6.0,98.44,162.79,6.35,16.71,14.13,0.0,,15.0,6.0,1.0,0.0,0.0
994,2,2.0,1.4,4.0,98.07,162.94,39.6,16.71,14.12,0.0,,22.0,12.0,1.0,0.0,0.0
995,4,5.0,1.8,12.0,98.56,108.97,439.6,16.71,14.16,0.0,,14.0,6.0,1.0,0.0,0.0
996,2,2.0,1.4,4.0,98.07,162.94,39.6,16.71,14.12,0.0,,17.0,10.0,1.0,0.0,0.0
997,2,2.0,1.4,4.0,96.53,160.66,16.13,16.72,14.12,0.0,,17.0,13.0,1.0,0.0,0.0
998,2,2.0,1.4,6.0,97.11,152.82,25.27,16.72,14.12,0.0,,15.0,12.0,1.0,0.0,0.0
999,2,2.0,1.8,10.0,97.54,122.9,110.22,16.73,14.12,0.0,,28.0,20.0,1.0,0.0,0.0
1000,0,0.0,0.0,0.0,26.64,0.06,40.78,16.64,14.21,0.0,,23.0,11.0,1.0,0.0,0.0
1001,0,0.0,0.0,0.0,25.81,0.06,18.12,16.63,14.21,0.0,,23.0,9.0,1.0,0.0,0.0
1002,0,0.0,0.0,0.0,27.67,0.0,27.82,16.64,14.21,0.0,,19.0,2.0,1.0,0.0,0.0
1003,1,1.0,3.0,0.0,23.31,0.0,6.91,16.63,14.22,0.0,,15.0,2.0,1.0,0.0,0.0
1004,1,1.0,3.0,0.0,28.5,0.0,38.71,16.64,14.21,0.0,,23.0,8.0,1.0,0.0,0.0
1005,0,0.0,0.0,0.0,32.39,0.09,41.86,16.64,14.2,0.0,,16.0,5.0,1.0,0.0,0.0
1006,1,0.0,0.0,0.0,30.73,0.06,14.77,16.64,14.21,0.0,,15.0,5.0,1.0,1.0,0.0
1007,1,1.0,3.0,0.0,31.51,0.06,16.07,16.65,14.21,0.0,,15.0,7.0,1.0,0.0,0.0
1008,0,0.0,0.0,5.0,40.54,6.05,70.21,16.66,14.21,0.0,,10.0,8.0,1.0,0.0,0.0
1009,1,1.0,3.0,1.0,35.83,0.06,12.53,16.66,14.2,0.0,,11.0,8.0,1.0,1.0,0.0
1010,0,0.0,0.0,5.0,40.97,2.81,29.16,16.66,14.21,0.0,,17.0,10.0,1.0,0.0,0.0
1011,0,0.0,0.0,1.0,40.27,0.06,18.06,16.67,14.19,0.0,,29.0,10.0,1.0,1.0,0.0
1012,0,0.0,0.0,1.0,40.96,0.06,19.01,16.67,14.18,0.0,,23.0,10.0,1.0,0.0,0.0
1013,0,0.0,0.0,2.0,41.15,0.09,48.43,16.67,14.18,0.0,,30.0,12.0,1.0,0.0,0.0
1014,0,0.0,0.0,3.0,40.52,0.09,12.11,16.67,14.19,0.0,,30.0,20.0,1.0,0.0,0.0
1015,0,0.0,0.0,3.0,43.2,0.06,93.14,16.69,14.17,0.0,,29.0,20.0,1.0,1.0,0.0
1016,0,0.0,0.0,1.0,44.7,0.06,34.99,16.69,14.16,0.0,,19.0,9.0,1.0,0.0,0.0
1017,0,0.0,0.0,2.0,44.71,0.06,75.4,16.69,14.16,0.0,,26.0,16.0,1.0,0.0,0.0
1018,0,0.0,0.0,2.0,49.44,0.09,106.14,16.72,14.14,0.0,,26.0,17.0,1.0,0.0,0.0
1019,0,0.0,0.0,2.0,61.71,0.09,116.68,16.74,14.11,0.0,,25.0,15.0,1.0,0.0,0.0
1020,1,1.0,4.2,1.0,98.01,207.0,174.1,16.64,14.2,0.0,,29.0,10.0,1.0,0.0,0.0
1021,1,1.0,4.2,3.0,98.19,188.49,8.28,16.64,14.21,0.0,,16.0,2.0,1.0,0.0,0.0
1022,1,1.0,4.2,3.0,98.18,175.53,241.06,16.64,14.21,0.0,,10.0,5.0,1.0,0.0,0.0
1023,2,2.0,4.2,1.0,98.07,204.73,195.55,16.64,14.2,0.0,,29.0,10.0,1.0,0.0,0.0
1024,2,3.0,4.2,3.0,98.18,193.27,9.37,16.64,14.2,0.0,,29.0,8.0,1.0,0.0,0.0
1025,2,3.0,4.2,3.0,98.2,190.33,30.64,16.64,14.2,0.0,,19.0,5.0,0.0,0.0,0.0
1026,2,2.0,4.2,3.0,98.16,169.01,298.08,16.65,14.21,0.0,,10.0,5.0,1.0,0.0,0.0
1027,2,3.0,4.2,1.0,98.11,202.75,166.61,16.65,14.2,0.0,,35.0,10.0,1.0,0.0,0.0
1028,3,3.0,4.2,2.0,98.18,195.52,64.92,16.66,14.18,0.0,,45.0,19.0,1.0,0.0,0.0
1029,3,3.0,4.2,4.0,98.16,183.74,65.17,16.67,14.18,0.0,,35.0,17.0,1.0,0.0,0.0
1030,3,3.0,4.2,4.0,96.83,174.26,42.68,16.67,14.18,0.0,,30.0,10.0,1.0,0.0,0.0
1031,3,3.0,4.2,5.0,95.76,158.97,38.71,16.67,14.19,0.0,,14.0,9.0,1.0,0.0,0.0
1032,3,3.0,5.0,6.0,92.33,142.87,79.76,16.68,14.18,0.0,,16.0,5.0,1.0,0.0,0.0
1033,3,3.0,4.2,5.0,96.16,168.12,55.81,16.68,14.18,0.0,,30.0,12.0,1.0,0.0,0.0
1034,1,1.0,5.5,6.0,92.14,147.42,45.16,16.68,14.18,0.0,,16.0,6.0,1.0,0.0,0.0
1035,3,3.0,5.0,6.0,92.33,140.5,7.49,16.68,14.19,1.0,0.0,14.0,5.0,1.0,0.0,0.0
1036,4,4.0,1.9,5.0,96.2,170.03,75.4,16.68,14.17,0.0,,29.0,20.0,1.0,0.0,0.0
1037,1,1.0,5.5,8.0,92.49,142.59,25.92,16.69,14.17,0.0,,19.0,12.0,0.0,0.0,0.0
1038,4,4.0,1.9,5.0,96.2,170.03,75.4,16.68,14.17,1.0,0.0,14.0,5.0,1.0,0.0,0.0
1039,3,3.0,5.0,6.0,92.14,137.83,6.85,16.68,14.18,0.0,,51.0,15.0,1.0,0.0,0.0
1040,2,2.0,1.9,3.0,97.63,186.26,22.98,16.68,14.16,0.0,,32.0,20.0,1.0,0.0,0.0
1041,1,1.0,5.5,8.0,92.49,142.59,25.92,16.69,14.17,0.0,,27.0,19.0,1.0,0.0,0.0
1042,2,2.0,1.9,4.0,98.05,202.84,21.77,16.7,14.14,0.0,,26.0,21.0,1.0,0.0,0.0
1043,2,2.0,1.9,5.0,96.34,173.66,55.3,16.7,14.15,0.0,,19.0,12.0,0.0,0.0,0.0
1044,1,1.0,5.5,8.0,92.23,137.36,9.33,16.69,14.17,0.0,,25.0,17.0,1.0,0.0,0.0
1045,1,1.0,5.5,9.0,91.72,134.35,14.11,16.7,14.16,0.0,,16.0,9.0,1.0,0.0,0.0
1046,2,2.0,1.9,9.0,93.29,146.04,35.11,16.7,14.16,0.0,,23.0,20.0,1.0,0.0,0.0
1047,2,2.0,1.9,7.0,93.54,158.91,51.84,16.7,14.15,0.0,,26.0,20.0,1.0,0.0,0.0
1048,1,1.0,5.5,8.0,89.85,128.0,8.87,16.7,14.16,0.0,,26.0,20.0,1.0,0.0,0.0
1049,1,1.0,5.5,8.0,90.49,130.97,30.89,16.7,14.16,0.0,,25.0,15.0,1.0,0.0,0.0
1050,1,1.0,1.9,9.0,93.52,145.54,33.7,16.7,14.15,0.0,,25.0,21.0,1.0,0.0,0.0
1051,1,1.0,1.9,9.0,93.41,140.6,35.87,16.71,14.15,0.0,,26.0,21.0,1.0,0.0,0.0
1052,1,1.0,5.5,9.0,90.47,126.5,19.44,16.71,14.15,0.0,,26.0,16.0,0.0,0.0,0.0
1053,1,1.0,1.9,6.0,96.69,172.53,31.1,16.71,14.14,0.0,,17.0,12.0,0.0,0.0,0.0
1054,1,1.0,1.9,7.0,96.54,173.27,36.69,16.7,14.14,0.0,,25.0,12.0,1.0,0.0,0.0
1055,1,1.0,1.9,8.0,94.98,162.58,33.18,16.71,14.14,0.0,,24.0,12.0,1.0,0.0,0.0
1056,1,1.0,1.9,8.0,96.09,164.6,33.7,16.71,14.13,0.0,,28.0,18.0,1.0,0.0,0.0
1057,1,1.0,1.9,7.0,96.81,166.76,63.68,16.72,14.13,0.0,,26.0,21.0,1.0,0.0,0.0
1058,1,1.0,1.9,9.0,93.82,141.27,63.07,16.72,14.14,0.0,,23.0,14.0,1.0,0.0,0.0
1059,1,1.0,1.9,9.0,94.05,138.69,40.32,16.73,14.13,0.0,,23.0,12.0,1.0,0.0,0.0
1060,0,0.0,0.0,9.0,91.54,119.57,47.92,16.72,14.14,0.0,,23.0,14.0,1.0,0.0,0.0
1061,1,1.0,1.9,8.0,94.34,142.75,13.25,16.73,14.13,0.0,,26.0,19.0,0.0,0.0,0.0
1062,0,0.0,0.0,6.0,96.94,181.38,32.66,16.73,14.11,0.0,,17.0,13.0,0.0,0.0,0.0
1063,0,0.0,0.0,6.0,97.04,176.59,42.16,16.74,14.1,0.0,,20.0,13.0,1.0,0.0,0.0
1064,3,3.0,1.9,8.0,94.8,144.02,46.01,16.74,14.12,0.0,,28.0,18.0,1.0,0.0,0.0
1065,0,0.0,0.0,7.0,96.76,174.61,35.38,16.74,14.1,0.0,,19.0,13.0,1.0,0.0,0.0
1066,3,3.0,1.9,9.0,96.7,160.46,7.56,16.75,14.1,0.0,,18.0,12.0,1.0,0.0,0.0
1067,주인 1리 마을회관,,,,,,,,,,,,,,,
1068,0,0.0,0.0,3.0,10.34,24.87,26.11,24.28,3.6,0.0,,10.0,7.0,1.0,0.0,0.0
1069,1,1.0,2.2,3.0,11.4,28.26,57.77,24.28,3.6,0.0,,10.0,8.0,1.0,0.0,0.0
1070,0,0.0,0.0,3.0,15.85,15.43,10.45,24.3,3.58,0.0,,9.0,7.0,1.0,0.0,0.0
1071,0,0.0,0.0,3.0,17.36,13.84,43.04,24.3,3.58,0.0,,10.0,7.0,1.0,1.0,0.0
1072,2,3.0,2.2,3.0,13.61,23.21,23.04,24.29,3.59,0.0,,10.0,8.0,1.0,1.0,0.0
1073,2,3.0,2.2,4.0,16.0,31.38,31.58,24.29,3.6,0.0,,10.0,7.0,1.0,1.0,0.0
1074,2,5.0,2.2,6.0,17.27,40.31,42.51,24.29,3.6,0.0,,8.0,6.0,1.0,0.0,0.0
1075,0,0.0,0.0,3.0,22.91,6.06,37.44,24.3,3.57,0.0,,12.0,8.0,1.0,1.0,0.0
1076,0,0.0,0.0,3.0,20.01,9.07,14.73,24.3,3.58,0.0,,12.0,8.0,1.0,0.0,0.0
1077,2,3.0,2.2,3.0,22.87,12.03,48.38,24.3,3.58,0.0,,12.0,10.0,1.0,0.0,0.0
1078,2,3.0,2.2,6.0,20.61,25.47,51.48,24.3,3.59,0.0,,10.0,7.0,1.0,0.0,0.0
1079,3,5.0,2.2,7.0,21.02,39.67,17.34,24.3,3.59,0.0,,7.0,6.0,1.0,1.0,0.0
1080,3,4.0,2.2,5.0,25.55,14.47,25.4,24.31,3.58,0.0,,12.0,8.0,1.0,0.0,0.0
1081,2,4.0,2.2,6.0,25.99,21.09,69.55,24.31,3.58,0.0,,10.0,7.0,1.0,0.0,0.0
1082,3,7.0,2.2,7.0,23.04,40.52,46.08,24.3,3.59,0.0,,8.0,6.0,1.0,0.0,0.0
1083,3,6.0,2.2,7.0,23.52,46.43,31.1,24.3,3.59,,,,,,0.0,0.0
1084,1,1.0,5.2,4.0,29.13,0.0,18.6,24.32,3.56,0.0,,13.0,11.0,1.0,1.0,0.0
1085,3,4.0,2.2,5.0,27.79,8.61,51.71,24.31,3.57,0.0,,13.0,9.0,1.0,1.0,0.0
1086,3,4.0,2.2,5.0,27.83,10.75,35.77,24.32,3.57,0.0,,11.0,8.0,1.0,1.0,0.0
1087,2,5.0,2.2,6.0,27.5,26.16,14.23,24.32,3.57,0.0,,9.0,5.0,1.0,1.0,0.0
1088,1,1.0,5.2,5.0,31.89,0.06,59.82,24.33,3.55,0.0,,13.0,12.0,1.0,1.0,0.0
1089,0,0.0,0.0,5.0,34.74,0.09,36.53,24.34,3.54,0.0,,15.0,12.0,1.0,0.0,0.0
1090,2,5.0,2.2,5.0,29.84,12.33,64.64,24.33,3.55,0.0,,12.0,9.0,1.0,0.0,0.0
1091,2,5.0,2.2,6.0,29.64,21.52,27.71,24.33,3.56,0.0,,10.0,8.0,1.0,0.0,0.0
1092,2,5.0,2.2,6.0,30.66,21.89,64.51,24.33,3.56,0.0,,10.0,3.0,1.0,0.0,0.0
1093,2,5.0,2.2,6.0,29.98,29.26,66.23,24.33,3.56,0.0,,10.0,2.0,1.0,1.0,0.0
1094,1,1.0,0.0,5.0,33.02,0.06,42.68,24.34,3.54,0.0,,12.0,9.0,1.0,0.0,0.0
1095,0,0.0,0.0,4.0,38.92,0.09,94.25,24.35,3.53,0.0,,21.0,5.0,1.0,0.0,0.0
1096,0,0.0,0.0,4.0,41.55,0.06,77.36,24.36,3.52,0.0,,17.0,5.0,1.0,0.0,0.0
1097,0,0.0,0.0,0.0,23.92,2.81,25.7,24.28,3.59,0.0,,7.0,7.0,1.0,0.0,0.0
1098,1,1.0,2.7,0.0,27.03,2.88,33.78,24.28,3.59,0.0,,8.0,7.0,1.0,0.0,0.0
1099,1,1.0,2.7,0.0,29.15,1.58,27.22,24.28,3.6,0.0,,10.0,7.0,1.0,0.0,0.0
1100,1,2.0,2.7,1.0,34.72,6.2,36.63,24.29,3.6,0.0,,10.0,8.0,0.0,1.0,0.0
1101,0,0.0,0.0,0.0,35.2,13.21,43.32,24.29,3.58,0.0,,8.0,7.0,0.0,0.0,0.0
1102,0,0.0,0.0,0.0,35.08,11.36,37.84,24.29,3.59,0.0,,10.0,7.0,1.0,0.0,0.0
1103,2,2.0,2.7,0.0,39.87,12.23,36.72,24.29,3.59,0.0,,11.0,7.0,1.0,0.0,0.0
1104,1,2.0,2.7,1.0,39.81,11.19,36.29,24.29,3.59,0.0,,11.0,7.0,1.0,1.0,0.0
1105,1,2.0,2.7,2.0,38.24,11.97,22.18,24.29,3.59,0.0,,10.0,8.0,1.0,0.0,0.0
1106,0,0.0,0.0,0.0,43.05,4.45,12.36,24.3,3.57,0.0,,9.0,8.0,1.0,1.0,0.0
1107,1,1.0,3.2,0.0,50.54,2.26,32.26,24.31,3.57,0.0,,12.0,9.0,1.0,1.0,0.0
1108,1,2.0,2.7,4.0,47.23,4.14,52.68,24.3,3.59,0.0,,8.0,7.0,1.0,0.0,0.0
1109,1,1.0,3.2,5.0,52.91,8.46,88.7,24.31,3.58,0.0,,9.0,7.0,1.0,0.0,0.0
1110,1,1.0,3.2,2.0,55.64,5.59,36.5,24.33,3.55,0.0,,15.0,12.0,1.0,1.0,0.0
1111,1,1.0,3.2,6.0,57.94,13.59,43.33,24.32,3.57,0.0,,9.0,2.0,0.0,1.0,0.0
1112,1,1.0,3.2,6.0,55.19,3.63,44.45,24.32,3.57,0.0,,8.0,2.0,1.0,1.0,0.0
1113,1,1.0,3.2,6.0,58.41,23.03,34.68,24.33,3.56,0.0,,10.0,4.0,1.0,0.0,0.0
1114,1,1.0,3.2,6.0,59.29,20.9,16.29,24.33,3.56,0.0,,10.0,2.0,1.0,0.0,0.0
1115,2,2.0,2.2,6.0,58.67,9.52,17.11,24.33,3.57,0.0,,7.0,2.0,1.0,0.0,0.0
1116,1,1.0,2.6,3.0,96.55,113.12,85.18,24.27,3.62,0.0,,8.0,7.0,1.0,0.0,0.0
1117,5,7.0,2.1,5.0,96.44,93.64,58.97,24.29,3.59,0.0,,11.0,9.0,1.0,0.0,0.0
1118,0,0.0,0.0,3.0,0.42,68.23,57.89,24.27,3.62,0.0,,6.0,6.0,1.0,0.0,0.0
1119,0,0.0,0.0,3.0,0.59,60.15,75.57,24.29,3.6,0.0,,7.0,6.0,1.0,1.0,0.0
1120,0,0.0,0.0,4.0,4.02,76.16,59.88,24.28,3.61,0.0,,6.0,6.0,1.0,0.0,0.0
1121,0,0.0,0.0,6.0,12.61,84.97,35.28,24.29,3.6,0.0,,6.0,1.0,1.0,0.0,0.0
1122,0,0.0,0.0,6.0,16.75,86.95,21.54,24.29,3.6,0.0,,6.0,0.0,1.0,1.0,0.0
1123,0,1.0,0.0,5.0,6.37,43.49,40.92,24.31,3.58,0.0,,11.0,7.0,1.0,1.0,0.0
1124,0,0.0,0.0,7.0,9.69,69.34,59.62,24.3,3.59,0.0,,7.0,4.0,0.0,0.0,0.0
1125,0,1.0,0.0,4.0,21.45,13.09,30.34,24.33,3.55,0.0,,15.0,12.0,1.0,1.0,0.0
1126,1,1.0,0.0,5.0,22.92,17.88,62.67,24.34,3.55,0.0,,12.0,10.0,1.0,0.0,0.0
1127,1,1.0,1.9,8.0,18.13,25.24,48.43,24.34,3.55,0.0,,10.0,4.0,1.0,1.0,0.0
1128,0,0.0,0.0,1.0,1.95,0.09,121.72,24.3,3.58,0.0,,11.0,7.0,1.0,0.0,0.0
1129,0,0.0,0.0,1.0,2.25,0.0,23.04,24.31,3.57,0.0,,12.0,8.0,1.0,0.0,0.0
1130,1,1.0,5.7,1.0,2.64,5.58,7.26,24.32,3.57,0.0,,8.0,2.0,1.0,0.0,0.0
1131,1,2.0,2.9,1.0,2.98,10.42,41.49,24.33,3.56,0.0,,8.0,2.0,1.0,0.0,0.0
1132,1,2.0,2.9,1.0,3.12,11.0,56.85,24.33,3.56,0.0,,8.0,2.0,1.0,0.0,0.0
1133,1,2.0,2.9,1.0,3.44,2.95,31.05,24.36,3.53,0.0,,11.0,0.0,1.0,0.0,0.0
1134,사계 2리동 회관,,,,,,,,,,,,,,,
1135,1,3.0,1.8,3.0,9.62,46.65,234.43,23.84,6.39,0.0,,7.0,2.0,1.0,0.0,0.0
1136,3,5.0,1.7,5.0,13.47,21.65,63.39,23.84,6.41,0.0,,24.0,8.0,1.0,0.0,0.0
1137,3,4.0,1.7,5.0,12.73,29.17,40.32,23.85,6.41,0.0,,24.0,2.0,1.0,0.0,0.0
1138,3,5.0,1.7,5.0,11.62,41.16,31.81,23.86,6.4,0.0,,10.0,2.0,1.0,0.0,0.0
1139,1,1.0,3.0,5.0,13.26,34.21,92.15,23.89,6.41,0.0,,12.0,3.0,1.0,0.0,0.0
1140,2,2.0,3.0,6.0,10.25,31.5,144.06,23.91,6.41,0.0,,4.0,3.0,1.0,0.0,0.0
1141,3,5.0,2.3,5.0,0.15,43.67,59.9,23.93,6.31,0.0,,12.0,0.0,1.0,0.0,0.0
1142,2,3.0,0.7,4.0,65.49,37.74,51.67,23.94,6.25,0.0,,33.0,21.0,1.0,0.0,0.0
1143,3,5.0,2.3,6.0,0.09,33.77,38.94,23.94,6.32,0.0,,3.0,0.0,1.0,0.0,0.0
1144,1,3.0,0.7,4.0,42.39,36.19,31.8,23.96,6.26,0.0,,37.0,30.0,1.0,0.0,0.0
1145,2,3.0,0.7,4.0,36.24,40.89,126.27,23.96,6.27,0.0,,35.0,24.0,1.0,0.0,0.0
1146,3,3.0,2.8,6.0,27.96,39.46,78.72,23.98,6.27,0.0,,32.0,15.0,1.0,0.0,0.0
1147,1,1.0,5.1,10.0,19.89,21.4,33.84,24.0,6.28,0.0,,26.0,14.0,1.0,0.0,0.0
1148,0,0.0,0.0,9.0,27.25,18.33,19.48,24.01,6.27,0.0,,30.0,23.0,1.0,0.0,0.0
1149,0,0.0,0.0,9.0,27.14,15.55,13.91,24.01,6.27,0.0,,30.0,23.0,1.0,0.0,0.0
1150,0,0.0,0.0,3.0,7.74,70.62,102.38,23.94,6.41,,,,,,0.0,0.0
1151,4,4.0,3.0,6.0,7.69,62.08,115.2,23.95,6.42,0.0,,26.0,5.0,0.0,0.0,0.0
1152,3,3.0,3.2,6.0,7.74,52.87,33.84,23.95,6.42,0.0,,34.0,10.0,1.0,0.0,0.0
1153,1,1.0,3.0,5.0,0.0,108.39,13.36,23.97,6.37,0.0,,4.0,0.0,1.0,0.0,0.0
1154,2,3.0,3.2,7.0,20.51,30.01,51.9,23.97,6.44,0.0,,37.0,16.0,1.0,0.0,0.0
1155,1,1.0,3.0,7.0,0.0,97.49,23.33,23.98,6.38,0.0,,5.0,2.0,1.0,0.0,0.0
1156,4,4.0,3.0,8.0,24.39,36.35,35.19,23.98,6.43,0.0,,36.0,7.0,1.0,0.0,0.0
1157,1,1.0,3.0,8.0,0.0,95.2,58.97,23.98,6.38,0.0,,5.0,4.0,1.0,0.0,0.0
1158,0,0.0,0.0,3.0,0.0,110.26,106.7,24.0,6.34,,,,,,0.0,0.0
1159,1,1.0,3.0,8.0,0.61,86.49,56.25,23.99,6.38,0.0,,4.0,4.0,1.0,0.0,0.0
1160,2,2.0,3.0,8.0,2.23,81.73,67.54,23.99,6.39,0.0,,4.0,4.0,1.0,0.0,0.0
1161,4,4.0,3.0,9.0,21.05,33.39,22.18,23.99,6.43,,,,,,0.0,0.0
1162,5,6.0,3.0,10.0,18.07,31.1,29.15,23.99,6.44,0.0,,30.0,11.0,1.0,0.0,0.0
1163,4,4.0,3.0,8.0,0.0,79.91,30.33,24.01,6.38,0.0,,5.0,4.0,1.0,0.0,0.0
1164,2,2.0,4.5,8.0,0.0,75.95,58.03,24.02,6.37,0.0,,5.0,4.0,1.0,0.0,0.0
1165,3,3.0,3.0,8.0,0.02,66.72,51.61,24.02,6.38,0.0,,5.0,4.0,1.0,0.0,0.0
1166,0,0.0,0.0,0.0,3.02,24.0,92.1,24.18,6.38,0.0,,6.0,1.0,1.0,0.0,0.0
1167,0,0.0,0.0,0.0,4.87,19.06,82.8,24.18,6.38,0.0,,7.0,0.0,1.0,0.0,0.0
1168,0,0.0,0.0,0.0,6.42,12.12,29.1,24.19,6.38,0.0,,7.0,0.0,1.0,0.0,0.0
1169,0,0.0,0.0,1.0,5.99,20.59,33.87,24.22,6.39,0.0,,0.0,0.0,1.0,0.0,0.0
1170,0,0.0,0.0,0.0,12.22,0.09,34.06,24.23,6.35,0.0,,9.0,6.0,1.0,1.0,2.0
1171,0,0.0,0.0,0.0,11.8,0.0,35.77,24.24,6.36,0.0,,10.0,3.0,1.0,1.0,0.0
1172,0,0.0,0.0,0.0,0.79,0.09,354.72,24.34,6.34,0.0,,28.0,24.0,1.0,0.0,0.0
1173,0,0.0,0.0,1.0,1.46,0.0,25.0,24.35,6.32,,,,,,1.0,0.0
1174,0,0.0,0.0,4.0,0.99,36.08,90.72,24.37,6.3,0.0,,2.0,0.0,0.0,0.0,0.0
1175,0,0.0,0.0,3.0,1.05,15.32,321.55,24.37,6.31,0.0,,5.0,1.0,1.0,0.0,0.0
1176,0,0.0,0.0,3.0,0.98,18.52,160.88,24.37,6.3,0.0,,5.0,0.0,1.0,0.0,0.0
1177,0,0.0,0.0,3.0,0.91,17.0,158.7,24.38,6.29,0.0,,6.0,0.0,1.0,0.0,0.0
1178,0,0.0,0.0,6.0,1.04,47.29,194.8,24.39,6.28,0.0,,0.0,0.0,1.0,0.0,0.0
1179,0,0.0,0.0,1.0,15.3,0.69,48.43,24.34,6.33,0.0,,5.0,4.0,1.0,1.0,0.0
1180,0,0.0,0.0,2.0,18.66,7.58,27.75,24.35,6.33,0.0,,5.0,4.0,1.0,0.0,0.0
1181,0,0.0,0.0,1.0,12.7,0.09,18.53,24.36,6.32,0.0,,5.0,4.0,1.0,1.0,0.0
1182,0,0.0,0.0,2.0,12.25,0.06,30.1,24.36,6.31,0.0,,5.0,1.0,1.0,1.0,0.0
1183,0,0.0,0.0,2.0,14.99,2.17,15.87,24.36,6.31,0.0,,5.0,3.0,1.0,1.0,0.0
1184,0,0.0,0.0,4.0,20.65,14.49,21.54,24.36,6.32,0.0,,5.0,4.0,1.0,1.0,0.0
1185,0,0.0,0.0,2.0,8.92,0.06,14.6,24.37,6.3,0.0,,4.0,0.0,1.0,0.0,2.0
1186,0,0.0,0.0,2.0,8.11,0.09,28.73,24.38,6.29,0.0,,1.0,0.0,1.0,1.0,2.0
1187,0,0.0,0.0,2.0,14.11,0.09,50.1,24.38,6.3,0.0,,5.0,0.0,1.0,0.0,0.0
1188,0,0.0,0.0,2.0,9.13,0.0,103.91,24.39,6.29,0.0,,0.0,0.0,1.0,0.0,1.0
1189,0,0.0,0.0,5.0,21.74,8.24,111.5,24.4,6.28,,,,,,1.0,0.0
1190,1,2.0,3.1,6.0,30.34,9.09,27.91,24.42,6.26,0.0,,7.0,0.0,1.0,0.0,0.0
1191,2,3.0,2.1,1.0,57.28,1.94,17.5,24.72,5.96,0.0,,0.0,0.0,1.0,1.0,0.0
1192,3,3.0,2.1,1.0,57.79,3.72,53.52,24.73,5.95,0.0,,0.0,0.0,0.0,0.0,0.0
1193,3,3.0,2.1,1.0,56.27,2.56,15.62,24.73,5.95,0.0,,0.0,0.0,1.0,1.0,0.0
1194,3,3.0,2.1,1.0,55.98,3.95,19.87,24.74,5.94,0.0,,0.0,0.0,1.0,1.0,0.0
1195,2,3.0,2.1,1.0,67.1,21.77,25.83,24.74,5.94,0.0,,0.0,0.0,1.0,0.0,0.0
1196,2,3.0,2.1,1.0,66.28,19.81,8.76,24.75,5.93,0.0,,0.0,0.0,1.0,1.0,0.0
1197,2,3.0,2.1,1.0,71.06,24.06,7.26,24.75,5.93,0.0,,0.0,0.0,1.0,0.0,0.0
1198,1,1.0,2.1,1.0,53.59,3.24,40.39,24.76,5.92,0.0,,0.0,0.0,0.0,0.0,0.0
1199,1,1.0,2.1,1.0,48.7,0.0,6.97,24.77,5.91,0.0,,0.0,0.0,1.0,0.0,0.0
1200,2,2.0,2.1,1.0,47.23,0.06,17.11,24.77,5.91,0.0,,0.0,0.0,1.0,0.0,0.0
1201,2,2.0,2.1,1.0,50.78,0.0,30.07,24.79,5.9,0.0,,0.0,0.0,1.0,0.0,0.0
1202,0,0.0,0.0,0.0,62.68,0.06,6.65,24.81,5.88,0.0,,0.0,0.0,1.0,1.0,0.0
1203,0,0.0,0.0,0.0,66.58,0.0,7.49,24.82,5.87,0.0,,0.0,0.0,1.0,0.0,2.0
1204,1,1.0,2.3,1.0,18.91,62.47,9.82,24.72,5.97,0.0,,0.0,0.0,1.0,0.0,0.0
1205,1,1.0,2.3,1.0,16.76,65.62,48.43,24.72,5.97,0.0,,0.0,0.0,1.0,0.0,0.0
1206,0,0.0,0.0,3.0,22.97,47.35,88.13,24.76,5.93,0.0,,0.0,0.0,1.0,0.0,0.0
1207,0,0.0,0.0,2.0,58.53,8.11,9.22,24.77,5.92,0.0,,0.0,0.0,1.0,1.0,0.0
1208,0,0.0,0.0,2.0,58.85,3.8,66.59,24.78,5.91,0.0,,0.0,0.0,1.0,1.0,0.0
1209,화성 2리 마을회관,,,,,,,,,,,,,,,
1210,2,4.0,2.3,5.0,34.79,2.0,54.29,26.8,3.86,0.0,,12.0,0.0,1.0,0.0,0.0
1211,3,3.0,2.3,5.0,36.12,0.06,19.01,26.81,3.85,0.0,,13.0,5.0,1.0,1.0,0.0
1212,2,2.0,2.9,3.0,43.08,0.06,12.44,26.82,3.83,0.0,,18.0,8.0,1.0,1.0,0.0
1213,2,2.0,2.9,5.0,44.74,0.09,72.36,26.84,3.82,0.0,,13.0,9.0,1.0,1.0,0.0
1214,0,0.0,0.0,2.0,50.81,0.06,37.79,26.86,3.8,0.0,,15.0,4.0,1.0,1.0,0.0
1215,0,0.0,0.0,1.0,16.07,0.09,55.22,26.8,3.85,0.0,,15.0,9.0,1.0,1.0,0.0
1216,0,0.0,0.0,3.0,12.56,3.76,43.34,26.8,3.86,0.0,,17.0,11.0,1.0,1.0,0.0
1217,0,0.0,0.0,3.0,11.34,11.29,28.51,26.8,3.86,0.0,,16.0,10.0,1.0,1.0,0.0
1218,0,0.0,0.0,0.0,16.26,0.09,41.86,26.81,3.84,0.0,,13.0,9.0,1.0,0.0,0.0
1219,0,0.0,0.0,1.0,16.75,0.09,22.77,26.81,3.84,0.0,,15.0,8.0,1.0,0.0,0.0
1220,2,2.0,2.1,4.0,11.56,9.0,26.57,26.83,3.82,0.0,,13.0,4.0,1.0,1.0,0.0
1221,1,1.0,2.1,4.0,14.65,11.4,72.58,26.85,3.81,0.0,,13.0,8.0,1.0,0.0,0.0
1222,홍성 남당리,,,,,,,,,,,,,,,
1223,1,1.0,5.1,0.0,15.64,96.48,27.36,11.25,9.57,0.0,,9.0,0.0,0.0,0.0,0.0
1224,0,0.0,0.0,1.0,30.28,84.87,245.79,11.3,9.57,0.0,,10.0,7.0,1.0,0.0,0.0
1225,0,0.0,0.0,2.0,36.69,95.42,50.69,11.3,9.58,0.0,,10.0,1.0,1.0,0.0,0.0
1226,0,0.0,0.0,3.0,41.88,93.13,57.63,11.31,9.58,0.0,,10.0,0.0,1.0,0.0,0.0
1227,1,1.0,4.0,0.0,0.0,53.89,35.48,11.29,9.54,0.0,,7.0,0.0,1.0,0.0,0.0
1228,1,1.0,4.0,1.0,1.96,62.0,31.19,11.31,9.55,0.0,,7.0,6.0,1.0,0.0,0.0
1229,1,1.0,4.0,4.0,16.0,67.73,31.25,11.31,9.55,0.0,,7.0,5.0,1.0,0.0,0.0
1230,1,1.0,4.0,6.0,35.16,56.3,106.37,11.33,9.54,0.0,,6.0,5.0,1.0,0.0,0.0
1231,1,1.0,2.1,3.0,73.44,66.58,95.56,11.27,9.54,0.0,,3.0,0.0,0.0,0.0,0.0
1232,1,1.0,2.1,3.0,74.03,56.77,47.58,11.28,9.54,0.0,,7.0,0.0,0.0,1.0,0.0
1233,1,1.0,2.1,3.0,77.08,50.04,23.01,11.29,9.55,0.0,,9.0,0.0,1.0,0.0,0.0
1234,3,4.0,2.1,3.0,87.86,39.36,23.62,11.3,9.53,0.0,,7.0,0.0,1.0,0.0,0.0
1235,3,3.0,2.1,3.0,91.18,37.41,73.53,11.3,9.52,0.0,,3.0,0.0,1.0,0.0,0.0
1236,3,4.0,2.1,5.0,84.11,22.38,21.67,11.32,9.55,0.0,,7.0,5.0,1.0,0.0,0.0
1237,2,2.0,2.3,6.0,93.33,0.98,131.79,11.34,9.52,0.0,,6.0,6.0,1.0,0.0,0.0
1238,1,3.0,2.2,4.0,0.41,27.41,26.71,11.34,9.62,0.0,,14.0,0.0,1.0,0.0,0.0
1239,1,4.0,2.2,4.0,0.41,33.6,52.88,11.34,9.61,0.0,,12.0,0.0,1.0,0.0,0.0
1240,2,4.0,2.2,4.0,0.44,32.15,40.78,11.35,9.6,0.0,,10.0,0.0,1.0,1.0,0.0
1241,3,3.0,2.2,4.0,0.44,24.44,186.44,11.35,9.59,0.0,,9.0,0.0,1.0,0.0,0.0
1242,2,4.0,2.4,4.0,2.82,59.39,120.64,11.39,9.6,0.0,,10.0,1.0,1.0,1.0,0.0
1243,2,5.0,2.4,4.0,4.82,83.2,146.88,11.41,9.62,0.0,,14.0,0.0,1.0,1.0,0.0
1244,2,5.0,2.4,5.0,5.11,84.92,137.13,11.41,9.62,0.0,,14.0,0.0,1.0,,0.0
1245,2,2.0,2.4,4.0,4.15,50.4,278.09,11.4,9.58,0.0,,9.0,6.0,0.0,1.0,0.0
1246,1,1.0,4.5,1.0,74.74,21.78,47.81,11.39,9.49,0.0,,3.0,0.0,0.0,1.0,0.0
1247,1,1.0,2.6,2.0,0.12,60.87,36.66,10.51,9.38,0.0,,7.0,0.0,0.0,0.0,0.0
1248,2,2.0,2.6,2.0,0.1,42.59,55.76,10.52,9.37,0.0,,9.0,0.0,1.0,0.0,0.0
1249,2,2.0,2.6,2.0,0.06,53.92,167.67,10.54,9.39,0.0,,18.0,9.0,0.0,0.0,0.0
1250,1,1.0,2.6,2.0,0.23,30.36,72.81,10.53,9.33,0.0,,0.0,0.0,1.0,0.0,0.0
1251,2,2.0,2.6,2.0,0.14,22.59,88.44,10.54,9.34,0.0,,7.0,0.0,1.0,0.0,0.0
1252,3,3.0,2.5,3.0,0.05,30.71,65.52,10.58,9.37,0.0,,6.0,0.0,1.0,1.0,0.0
1253,1,1.0,2.5,3.0,0.05,37.37,334.28,10.58,9.37,0.0,,9.0,0.0,1.0,0.0,0.0
1254,2,2.0,2.6,2.0,0.14,9.16,9.0,10.55,9.33,0.0,,7.0,0.0,1.0,0.0,0.0
1255,3,4.0,2.5,3.0,0.07,16.23,40.22,10.57,9.36,0.0,,6.0,2.0,1.0,0.0,0.0
1256,3,4.0,2.5,3.0,0.06,19.73,92.16,10.58,9.36,0.0,,6.0,1.0,1.0,0.0,0.0
1257,0,0.0,0.0,5.0,0.05,43.03,18.43,10.59,9.37,0.0,,6.0,3.0,1.0,0.0,0.0
1258,3,4.0,2.5,5.0,0.07,17.19,71.4,10.59,9.35,0.0,,5.0,3.0,1.0,1.0,0.0
1259,3,4.0,2.2,8.0,26.97,31.25,334.89,10.59,9.46,0.0,,6.0,0.0,1.0,0.0,0.0
1260,3,4.0,2.2,8.0,24.21,31.25,38.81,10.6,9.45,0.0,,6.0,0.0,1.0,0.0,0.0
1261,1,1.0,2.5,7.0,34.5,31.25,348.16,10.59,9.37,0.0,,6.0,4.0,1.0,0.0,0.0
1262,0,0.0,0.0,2.0,82.0,31.25,299.64,10.57,9.32,0.0,,5.0,4.0,1.0,0.0,0.0
1263,0,0.0,0.0,1.0,95.26,31.25,33.78,10.58,9.31,0.0,,5.0,4.0,1.0,0.0,0.0
1264,0,0.0,0.0,1.0,95.52,31.25,401.24,10.58,9.3,0.0,,5.0,2.0,1.0,0.0,0.0
1265,1,1.0,3.8,2.0,0.0,31.25,97.44,10.72,9.28,0.0,,5.0,4.0,1.0,0.0,0.0
1266,0,0.0,0.0,1.0,0.0,0.06,9.07,11.79,8.09,0.0,,29.0,23.0,1.0,0.0,0.0
1267,0,0.0,0.0,1.0,0.0,16.0,12.44,11.85,8.1,0.0,,25.0,20.0,1.0,0.0,2.0
1268,0,0.0,0.0,1.0,0.0,14.43,9.5,11.85,8.1,0.0,,25.0,20.0,1.0,0.0,2.0
1269,0,0.0,0.0,1.0,0.0,26.14,11.59,11.86,8.1,0.0,,25.0,8.0,1.0,0.0,0.0
1270,2,2.0,0.8,1.0,0.0,0.06,21.34,10.65,9.01,0.0,,16.0,13.0,1.0,0.0,2.0
1271,0,0.0,0.0,1.0,10.99,31.25,52.14,12.36,7.9,0.0,,13.0,8.0,1.0,0.0,0.0
1272,0,0.0,0.0,2.0,9.98,31.25,24.36,12.37,7.89,0.0,,8.0,5.0,0.0,0.0,0.0
1273,0,0.0,0.0,2.0,9.98,31.25,24.36,12.37,7.89,0.0,,7.0,5.0,1.0,0.0,0.0
1274,0,0.0,0.0,1.0,19.11,31.25,17.74,12.4,7.93,0.0,,6.0,5.0,1.0,0.0,0.0
1275,0,0.0,0.0,0.0,24.88,31.25,66.53,12.4,7.94,0.0,,7.0,5.0,1.0,0.0,0.0
1276,0,0.0,0.0,0.0,48.36,31.25,13.31,12.41,7.96,0.0,,14.0,5.0,1.0,0.0,0.0
1277,0,0.0,0.0,2.0,9.26,31.25,37.07,12.37,7.87,0.0,,8.0,6.0,1.0,0.0,0.0
1278,0,0.0,0.0,2.0,15.04,31.25,14.69,12.4,7.93,0.0,,6.0,5.0,1.0,0.0,0.0
1279,0,0.0,0.0,1.0,19.11,31.25,17.74,12.4,7.93,0.0,,6.0,5.0,1.0,0.0,0.0
1280,0,0.0,0.0,1.0,42.07,31.25,100.4,12.41,7.94,0.0,,5.0,5.0,1.0,0.0,0.0
1281,0,0.0,0.0,0.0,43.67,31.25,21.05,12.41,7.95,0.0,,6.0,5.0,1.0,0.0,0.0
1282,0,0.0,0.0,3.0,9.25,31.25,30.7,12.38,7.87,0.0,,13.0,6.0,0.0,0.0,0.0
1283,0,0.0,0.0,3.0,9.25,31.25,70.5,12.39,7.89,0.0,,19.0,4.0,1.0,0.0,0.0
1284,0,0.0,0.0,3.0,9.25,31.25,89.28,12.39,7.88,0.0,,19.0,4.0,1.0,0.0,0.0
1285,0,0.0,0.0,3.0,15.19,31.25,30.11,12.41,7.92,0.0,,5.0,5.0,1.0,0.0,0.0
1286,0,0.0,0.0,4.0,28.01,31.25,34.24,12.42,7.92,0.0,,5.0,5.0,1.0,0.0,0.0
1287,0,0.0,0.0,4.0,31.82,31.25,19.2,12.42,7.92,0.0,,5.0,5.0,1.0,0.0,0.0
1288,0,0.0,0.0,2.0,38.8,31.25,47.95,12.42,7.93,0.0,,6.0,5.0,1.0,0.0,0.0
1289,1,1.0,0.8,3.0,11.75,31.25,56.16,12.41,7.9,0.0,,5.0,0.0,1.0,0.0,0.0
1290,0,0.0,0.0,4.0,83.32,31.25,57.25,12.45,7.94,0.0,,10.0,7.0,1.0,,0.0
1291,1,1.0,0.8,3.0,16.72,31.25,21.34,12.43,7.9,0.0,,5.0,0.0,1.0,0.0,0.0
1292,2,4.0,0.8,3.0,16.06,31.25,178.85,12.42,7.87,0.0,,4.0,4.0,1.0,0.0,0.0
1293,2,5.0,0.8,3.0,14.31,31.25,32.8,12.42,7.86,0.0,,4.0,4.0,1.0,0.0,0.0
1294,3,5.0,0.8,3.0,19.24,31.25,42.77,12.43,7.86,0.0,,4.0,4.0,0.0,0.0,0.0
1295,2,2.0,2.7,2.0,3.65,59.75,56.76,12.29,7.93,0.0,,16.0,13.0,1.0,1.0,0.0
1296,1,1.0,2.7,2.0,3.28,68.14,41.21,12.3,7.91,0.0,,13.0,10.0,0.0,0.0,0.0
1297,2,2.0,2.7,2.0,3.37,61.18,22.03,12.3,7.92,0.0,,15.0,11.0,1.0,0.0,0.0
1298,2,3.0,2.2,2.0,3.19,75.45,53.91,12.3,7.9,0.0,,12.0,10.0,1.0,0.0,0.0
1299,1,1.0,3.0,3.0,39.65,31.25,35.14,11.26,9.59,0.0,,14.0,0.0,1.0,0.0,0.0
1300,2,1.0,3.0,4.0,34.21,31.25,31.82,11.27,9.59,0.0,,14.0,0.0,1.0,0.0,0.0
1301,2,2.0,3.0,4.0,28.48,31.25,16.13,11.28,9.59,0.0,,16.0,3.0,1.0,0.0,0.0
1302,1,2.0,3.0,4.0,30.85,31.25,45.36,11.28,9.58,0.0,,13.0,0.0,1.0,0.0,0.0
1303,2,2.0,2.4,3.0,75.31,31.25,23.59,11.28,9.56,0.0,,9.0,0.0,1.0,0.0,0.0
1304,2,2.0,2.4,3.0,87.75,31.25,54.99,11.29,9.55,0.0,,9.0,0.0,1.0,0.0,0.0
1305,2,2.0,2.4,3.0,79.37,31.25,11.28,11.29,9.55,0.0,,9.0,2.0,1.0,0.0,0.0
1306,2,2.0,2.4,3.0,84.94,31.25,74.64,11.3,9.54,0.0,,8.0,0.0,1.0,0.0,0.0
1307,2,2.0,2.4,3.0,68.94,31.25,112.35,11.3,9.55,0.0,,8.0,7.0,1.0,0.0,0.0
1308,2,2.0,2.4,3.0,54.11,31.25,42.6,11.31,9.56,0.0,,8.0,6.0,1.0,0.0,0.0
1309,1,1.0,2.4,3.0,88.18,31.25,52.66,11.3,9.53,0.0,,7.0,0.0,1.0,0.0,0.0
1310,2,2.0,2.4,3.0,62.96,31.25,11.29,11.31,9.55,0.0,,7.0,5.0,1.0,0.0,0.0
1311,2,2.0,2.4,4.0,52.02,31.25,34.06,11.32,9.56,0.0,,7.0,4.0,1.0,0.0,0.0
1312,1,1.0,2.4,4.0,67.67,31.25,19.83,11.32,9.54,0.0,,7.0,5.0,1.0,0.0,0.0
1313,1,1.0,2.4,4.0,64.81,31.25,12.25,11.33,9.54,0.0,,7.0,5.0,1.0,0.0,0.0
1314,1,1.0,2.4,4.0,68.17,31.25,70.33,11.33,9.55,0.0,,6.0,5.0,0.0,0.0,0.0
1315,3,3.0,2.2,5.0,32.2,31.25,31.84,11.35,9.58,0.0,,6.0,5.0,1.0,0.0,0.0
1316,2,2.0,2.2,6.0,36.92,31.25,25.46,11.36,9.58,0.0,,6.0,5.0,1.0,0.0,0.0
1317,1,1.0,2.4,3.0,57.14,31.25,45.35,11.33,9.53,0.0,,6.0,5.0,1.0,0.0,0.0
1318,1,1.0,2.4,3.0,73.74,31.25,18.75,11.35,9.54,0.0,,6.0,5.0,1.0,0.0,0.0
1319,2,2.0,2.4,3.0,60.45,31.25,33.7,11.35,9.53,0.0,,6.0,5.0,1.0,0.0,0.0
1320,2,2.0,2.4,3.0,70.74,31.25,27.52,11.35,9.54,0.0,,6.0,6.0,1.0,0.0,0.0
1321,0,0.0,0.0,2.0,88.26,31.25,45.14,11.25,9.99,0.0,,2.0,2.0,1.0,0.0,0.0
1322,0,0.0,0.0,2.0,88.26,31.25,34.44,11.25,9.99,0.0,,2.0,2.0,1.0,0.0,0.0
1323,0,0.0,0.0,2.0,88.26,31.25,32.2,11.25,9.99,0.0,,2.0,2.0,1.0,0.0,0.0
1324,0,0.0,0.0,2.0,88.26,31.25,55.22,11.26,9.98,0.0,,2.0,2.0,1.0,0.0,0.0
1325,1,1.0,4.4,2.0,78.04,31.25,43.75,11.31,9.93,0.0,,2.0,2.0,1.0,0.0,0.0
1326,2,2.0,4.4,3.0,78.04,31.25,47.0,11.33,9.92,0.0,,2.0,2.0,1.0,0.0,0.0
1327,1,1.0,4.4,3.0,78.04,31.25,7.11,11.3,9.94,0.0,,2.0,2.0,1.0,0.0,0.0
1328,1,1.0,4.4,3.0,78.04,31.25,57.02,11.31,9.93,0.0,,3.0,2.0,0.0,0.0,0.0
1329,2,2.0,4.4,1.0,78.04,31.25,52.42,11.35,9.89,0.0,,2.0,0.0,0.0,0.0,0.0
1330,2,2.0,4.4,2.0,78.04,31.25,34.1,11.34,9.9,0.0,,3.0,0.0,1.0,0.0,0.0
1331,1,0.0,0.0,3.0,78.04,31.25,9.19,11.35,9.89,0.0,,3.0,2.0,0.0,0.0,0.0
1332,3,4.0,1.6,6.0,98.86,31.25,47.61,11.39,9.71,0.0,,0.0,0.0,1.0,0.0,0.0
1333,0,0.0,0.0,1.0,0.08,209.24,11.28,11.32,8.95,0.0,,33.0,22.0,1.0,0.0,0.0
1334,1,1.0,2.6,1.0,8.11,22.82,53.58,10.51,8.54,0.0,,0.0,0.0,1.0,0.0,0.0
1335,0,0.0,0.0,0.0,8.06,13.87,12.44,10.55,8.45,0.0,,9.0,5.0,1.0,0.0,0.0
1336,0,0.0,0.0,1.0,3.21,0.06,20.56,10.6,8.5,0.0,,33.0,0.0,1.0,0.0,2.0
1337,0,0.0,0.0,1.0,3.06,0.0,63.94,10.61,8.5,0.0,,0.0,0.0,1.0,0.0,0.0
1338,0,0.0,0.0,1.0,5.5,0.09,21.67,10.58,8.45,0.0,,25.0,6.0,0.0,1.0,0.0
1339,1,3.0,2.7,5.0,0.73,1.56,132.51,10.88,9.16,0.0,,5.0,4.0,1.0,0.0,0.0
1340,1,2.0,1.8,2.0,2.76,25.94,283.45,10.95,9.24,0.0,,4.0,0.0,1.0,0.0,0.0
1341,2,2.0,2.8,6.0,7.7,16.93,157.65,11.61,8.53,0.0,,14.0,1.0,1.0,0.0,0.0
1342,2,2.0,2.8,6.0,10.63,18.2,20.74,11.61,8.55,0.0,,12.0,1.0,1.0,0.0,0.0
1343,3,3.0,2.8,13.0,33.63,32.99,115.26,11.64,8.57,0.0,,11.0,9.0,1.0,0.0,0.0
1344,3,3.0,2.1,4.0,4.49,10.62,186.62,11.62,8.51,0.0,,17.0,9.0,1.0,0.0,2.0
1345,2,5.0,1.7,19.0,5.26,135.45,49.1,11.41,9.82,0.0,,0.0,0.0,1.0,0.0,0.0
1346,6,7.0,1.4,15.0,88.01,96.4,272.49,11.45,9.78,0.0,,0.0,0.0,1.0,0.0,0.0
1347,4,4.0,1.4,15.0,18.81,75.78,174.1,11.48,9.74,0.0,,0.0,0.0,1.0,0.0,0.0
1348,3,3.0,2.7,12.0,8.38,57.65,216.12,11.51,9.72,0.0,,0.0,0.0,0.0,0.0,0.0
1349,1,1.0,2.7,2.0,6.17,4.06,101.97,11.56,8.81,0.0,,16.0,11.0,1.0,0.0,0.0
1350,2,3.0,1.6,4.0,0.68,78.49,321.84,11.6,8.71,0.0,,23.0,8.0,1.0,0.0,0.0
1351,3,5.0,1.5,5.0,3.03,7.93,120.53,10.92,8.71,0.0,,0.0,0.0,1.0,1.0,0.0
1352,2,3.0,1.5,5.0,3.69,18.69,137.64,10.93,8.69,0.0,,0.0,0.0,1.0,0.0,0.0
1353,3,5.0,2.6,4.0,3.03,10.37,102.79,11.57,9.45,0.0,,5.0,5.0,1.0,0.0,0.0
1354,2,3.0,1.6,2.0,14.88,27.71,391.98,10.6,9.13,0.0,,2.0,2.0,0.0,0.0,0.0
1355,2,3.0,1.6,2.0,11.17,8.22,260.93,10.62,9.13,0.0,,3.0,2.0,1.0,0.0,0.0